Date,Open,High,Low,Close,Adj Close,Volume
2020-01-02,76.66666412353516,77.91666412353516,76.62999725341797,77.5,77.5,4137000
2020-01-03,76.16666412353516,77.5,76.1066665649414,77.20999908447266,77.20999908447266,2993700
2020-01-06,76.98332977294922,78.35333251953125,76.66999816894531,78.26667022705078,78.26667022705078,3244200
2020-01-07,78.08333587646484,78.5999984741211,77.38333129882812,77.66999816894531,77.66999816894531,2621400
2020-01-08,78.0,78.0,76.61333465576172,77.15333557128906,77.15333557128906,4319400
2020-01-09,77.63999938964844,78.55000305175781,77.36000061035156,77.97333526611328,77.97333526611328,4137600
2020-01-10,78.5633316040039,78.66666412353516,77.44667053222656,77.61333465576172,77.61333465576172,3465600
2020-01-13,77.82666778564453,78.2699966430664,77.51667022705078,77.80000305175781,77.80000305175781,3341700
2020-01-14,77.98332977294922,78.84666442871094,77.70333099365234,78.67666625976562,78.67666625976562,3696900
2020-01-15,78.66666412353516,79.3066635131836,78.37666320800781,78.93000030517578,78.93000030517578,2865900
2020-01-16,79.46333312988281,79.83333587646484,78.52666473388672,79.52666473388672,79.52666473388672,2124600
2020-01-17,79.9366683959961,79.98999786376953,79.33999633789062,79.54666900634766,79.54666900634766,4073400
2020-01-21,79.55332946777344,81.10333251953125,79.48999786376953,80.7066650390625,80.7066650390625,2537400
2020-01-22,81.15666961669922,81.90333557128906,80.94999694824219,80.99666595458984,80.99666595458984,3893700
2020-01-23,80.5,80.80000305175781,76.16666412353516,77.08999633789062,77.08999633789062,9834300
2020-01-24,77.37999725341797,78.01667022705078,76.36666870117188,76.81666564941406,76.81666564941406,5010900
2020-01-27,75.663330078125,76.77999877929688,74.913330078125,76.3066635131836,76.3066635131836,5805300
2020-01-28,76.43000030517578,77.98332977294922,75.72000122070312,77.63999938964844,77.63999938964844,3916200
2020-01-29,77.66666412353516,78.69000244140625,77.49333190917969,77.57666778564453,77.57666778564453,4559700
2020-01-30,76.8066635131836,78.16999816894531,76.46666717529297,77.98999786376953,77.98999786376953,3569100
2020-01-31,80.81999969482422,80.99333190917969,71.72000122070312,73.28666687011719,73.28666687011719,12421500
2020-02-03,73.16666412353516,74.76000213623047,73.0,73.3066635131836,73.3066635131836,6823500
2020-02-04,74.46333312988281,76.12000274658203,74.28666687011719,75.44999694824219,75.44999694824219,4120800
2020-02-05,75.7699966430664,77.1433334350586,75.7699966430664,77.0433349609375,77.0433349609375,5157600
2020-02-06,77.61333465576172,78.8933334350586,76.82666778564453,78.87999725341797,78.87999725341797,4488600
2020-02-07,78.55000305175781,78.62000274658203,76.97666931152344,77.47000122070312,77.47000122070312,3289200
2020-02-10,76.92666625976562,77.33333587646484,75.69000244140625,76.14666748046875,76.14666748046875,3704700
2020-02-11,76.75333404541016,77.26000213623047,76.11000061035156,77.05000305175781,77.05000305175781,2578800
2020-02-12,77.12333679199219,77.3133316040039,74.88999938964844,75.60333251953125,75.60333251953125,4105200
2020-02-13,75.0566635131836,76.47666931152344,75.0566635131836,75.51333618164062,75.51333618164062,4168200
2020-02-14,76.08999633789062,76.92333221435547,75.67666625976562,76.8499984741211,76.8499984741211,2039100
2020-02-18,76.19000244140625,76.73666381835938,75.76000213623047,76.51333618164062,76.51333618164062,4071300
2020-02-19,76.94000244140625,79.1066665649414,76.81666564941406,78.4366683959961,78.4366683959961,4714500
2020-02-20,78.43333435058594,78.54666900634766,76.56999969482422,77.97000122070312,77.97000122070312,3072600
2020-02-21,77.5999984741211,77.5999984741211,76.70999908447266,77.08333587646484,77.08333587646484,2534100
2020-02-24,74.72000122070312,76.03666687011719,74.52333068847656,75.43000030517578,75.43000030517578,4239000
2020-02-25,75.87999725341797,76.13999938964844,74.38999938964844,74.69000244140625,74.69000244140625,4229700
2020-02-26,75.05332946777344,76.47666931152344,73.48332977294922,73.86000061035156,73.86000061035156,3123000
2020-02-27,72.51000213623047,73.50333404541016,70.91999816894531,70.98666381835938,70.98666381835938,6853800
2020-02-28,69.25333404541016,69.25333404541016,66.38333129882812,68.27999877929688,68.27999877929688,10069200
2020-03-02,69.0,70.97666931152344,68.62666320800781,70.97333526611328,70.97333526611328,6066600
2020-03-03,71.24666595458984,72.27999877929688,68.46333312988281,69.5199966430664,69.5199966430664,6994500
2020-03-04,71.12333679199219,72.46666717529297,69.59666442871094,72.45999908447266,72.45999908447266,7080600
2020-03-05,73.0433349609375,73.0433349609375,68.95333099365234,69.65333557128906,69.65333557128906,5670300
2020-03-06,67.50666809082031,68.93000030517578,66.586669921875,68.61666870117188,68.61666870117188,5369700
2020-03-09,63.560001373291016,65.62333679199219,63.5,63.686668395996094,63.686668395996094,5836500
2020-03-10,66.02333068847656,67.64666748046875,64.20333099365234,67.62333679199219,67.62333679199219,6402600
2020-03-11,65.65333557128906,67.49666595458984,64.8566665649414,65.79000091552734,65.79000091552734,5678700
2020-03-12,61.94333267211914,65.836669921875,59.53666687011719,62.34000015258789,62.34000015258789,9306000
2020-03-13,64.97666931152344,65.33333587646484,57.776668548583984,61.83333206176758,61.83333206176758,11608800
2020-03-16,56.66666793823242,58.776668548583984,55.063331604003906,55.24333190917969,55.24333190917969,7557000
2020-03-17,56.36000061035156,58.936668395996094,54.063331604003906,58.79999923706055,58.79999923706055,7945500
2020-03-18,55.43333435058594,58.27333450317383,54.073333740234375,57.71333312988281,57.71333312988281,7405200
2020-03-19,57.58333206176758,62.176666259765625,56.07666778564453,60.12333297729492,60.12333297729492,7778100
2020-03-20,60.45333480834961,62.66666793823242,54.20000076293945,55.483333587646484,55.483333587646484,7063500
2020-03-23,54.633331298828125,54.76333236694336,51.50666809082031,52.40999984741211,52.40999984741211,7908000
2020-03-24,55.2599983215332,61.99333190917969,54.86333465576172,61.630001068115234,61.630001068115234,7546200
2020-03-25,61.71666717529297,66.12666320800781,61.33333206176758,63.643333435058594,63.643333435058594,5937900
2020-03-26,64.55332946777344,67.163330078125,63.996665954589844,66.4800033569336,66.4800033569336,4676400
2020-03-27,63.9900016784668,67.33333587646484,63.9033317565918,66.05000305175781,66.05000305175781,3600300
2020-03-30,66.03333282470703,67.5,62.0099983215332,65.35333251953125,65.35333251953125,5567100
2020-03-31,65.22000122070312,65.60333251953125,62.37333297729492,62.87333297729492,62.87333297729492,9068100
2020-04-01,60.279998779296875,61.0099983215332,56.44333267211914,57.543331146240234,57.543331146240234,5679300
2020-04-02,57.04999923706055,61.77333450317383,56.996665954589844,61.619998931884766,61.619998931884766,4586400
2020-04-03,60.813331604003906,63.900001525878906,60.75666809082031,63.02333450317383,63.02333450317383,5939700
2020-04-06,65.10333251953125,65.40333557128906,63.18333435058594,65.13999938964844,65.13999938964844,5401200
2020-04-07,67.0,68.97666931152344,64.76667022705078,64.91000366210938,64.91000366210938,4907700
2020-04-08,65.71333312988281,69.5566635131836,64.78333282470703,69.01667022705078,69.01667022705078,4737600
2020-04-09,69.87999725341797,72.66666412353516,69.07666778564453,71.8133316040039,71.8133316040039,4662900
2020-04-13,70.99666595458984,71.21666717529297,67.336669921875,69.0633316040039,69.0633316040039,2901300
2020-04-14,69.9366683959961,72.25333404541016,69.62333679199219,72.05332946777344,72.05332946777344,3379200
2020-04-15,70.74666595458984,72.08000183105469,70.37999725341797,71.55000305175781,71.55000305175781,2937300
2020-04-16,72.30332946777344,73.18000030517578,71.58333587646484,72.50666809082031,72.50666809082031,4335900
2020-04-17,74.52333068847656,76.22666931152344,73.77999877929688,76.13666534423828,76.13666534423828,5888100
2020-04-20,75.35333251953125,75.87666320800781,74.43333435058594,74.86666870117188,74.86666870117188,2887500
2020-04-21,73.62666320800781,73.81999969482422,71.72333526611328,72.00666809082031,72.00666809082031,3432600
2020-04-22,73.13333129882812,73.23999786376953,70.8066635131836,72.17333221435547,72.17333221435547,3845100
2020-04-23,72.9433364868164,74.48332977294922,72.3566665649414,73.68000030517578,73.68000030517578,3960000
2020-04-24,78.42666625976562,78.42666625976562,73.48666381835938,74.49333190917969,74.49333190917969,5384400
2020-04-27,74.5,74.99666595458984,72.75,73.2933349609375,73.2933349609375,3489600
2020-04-28,72.71666717529297,73.24666595458984,70.95999908447266,71.05332946777344,71.05332946777344,3982500
2020-04-29,71.70333099365234,73.66666412353516,71.17666625976562,72.98999786376953,72.98999786376953,3108300
2020-04-30,72.5999984741211,73.836669921875,72.2699966430664,72.5,72.5,2753400
2020-05-01,71.66666412353516,71.66666412353516,69.25333404541016,69.77666473388672,69.77666473388672,2532300
2020-05-04,69.77999877929688,69.83000183105469,68.16999816894531,68.9800033569336,68.9800033569336,2934900
2020-05-05,69.84333038330078,72.27333068847656,69.43333435058594,71.52666473388672,71.52666473388672,2400000
2020-05-06,71.6066665649414,72.67666625976562,71.00333404541016,71.23666381835938,71.23666381835938,2592300
2020-05-07,72.29000091552734,73.02333068847656,72.0,72.68000030517578,72.68000030517578,4508700
2020-05-08,73.64666748046875,74.05999755859375,72.40666961669922,72.61333465576172,72.61333465576172,1882800
2020-05-11,72.26667022705078,75.3066635131836,72.26667022705078,75.01667022705078,75.01667022705078,4468200
2020-05-12,75.11000061035156,75.33333587646484,72.413330078125,72.48999786376953,72.48999786376953,2589900
2020-05-13,72.30999755859375,73.58000183105469,70.57333374023438,71.37000274658203,71.37000274658203,3502800
2020-05-14,70.89666748046875,72.52666473388672,69.66666412353516,72.48332977294922,72.48332977294922,2388600
2020-05-15,71.72000122070312,72.11666870117188,69.9366683959961,70.98666381835938,70.98666381835938,2927700
2020-05-18,72.22666931152344,73.5,72.11666870117188,72.1433334350586,72.1433334350586,2888400
2020-05-19,72.0433349609375,72.91666412353516,71.66666412353516,71.73332977294922,71.73332977294922,2099100
2020-05-20,72.51333618164062,73.94667053222656,71.81999969482422,73.65333557128906,73.65333557128906,3960000
2020-05-21,73.33333587646484,73.50333404541016,72.40666961669922,72.83333587646484,72.83333587646484,2730600
2020-05-22,72.98666381835938,73.01667022705078,71.68333435058594,72.9366683959961,72.9366683959961,2192700
2020-05-26,74.60333251953125,74.6500015258789,72.16666412353516,72.336669921875,72.336669921875,2944200
2020-05-27,72.11000061035156,72.65333557128906,70.3066635131836,72.11666870117188,72.11666870117188,3209700
2020-05-28,73.06666564941406,75.3933334350586,72.6500015258789,74.05000305175781,74.05000305175781,3500100
2020-05-29,74.38999938964844,75.03333282470703,72.62999725341797,74.90666961669922,74.90666961669922,4867200
2020-06-01,75.30000305175781,75.94999694824219,73.54000091552734,74.2699966430664,74.2699966430664,2981300
2020-06-02,74.83999633789062,75.13999938964844,73.6500015258789,74.83000183105469,74.83000183105469,2648100
2020-06-03,74.61000061035156,75.41000366210938,73.91999816894531,74.7300033569336,74.7300033569336,2262200
2020-06-04,74.16000366210938,74.4800033569336,70.7300033569336,71.0,71.0,3961900
2020-06-05,71.44000244140625,74.5999984741211,70.37000274658203,74.37000274658203,74.37000274658203,5009400
2020-06-08,74.05000305175781,77.0,74.0,76.94999694824219,76.94999694824219,3992200
2020-06-09,77.3499984741211,77.3499984741211,74.62000274658203,74.95999908447266,74.95999908447266,3325200
2020-06-10,75.06999969482422,75.3499984741211,72.86000061035156,73.27999877929688,73.27999877929688,3708200
2020-06-11,72.58999633789062,72.69999694824219,67.9000015258789,68.05999755859375,68.05999755859375,4322300
2020-06-12,69.87000274658203,70.41999816894531,66.83999633789062,67.9800033569336,67.9800033569336,3771200
2020-06-15,66.6500015258789,69.69000244140625,66.2300033569336,68.95999908447266,68.95999908447266,3485600
2020-06-16,70.66999816894531,71.13999938964844,69.0999984741211,70.20999908447266,70.20999908447266,3275700
2020-06-17,70.44000244140625,70.5,69.47000122070312,69.83000183105469,69.83000183105469,3298200
2020-06-18,69.41000366210938,70.2699966430664,69.0999984741211,69.9800033569336,69.9800033569336,2808700
2020-06-19,70.97000122070312,71.0999984741211,69.66999816894531,70.23999786376953,70.23999786376953,3834100
2020-06-22,69.97000122070312,70.23999786376953,68.73999786376953,69.80999755859375,69.80999755859375,2032200
2020-06-23,70.45999908447266,71.83000183105469,70.19999694824219,70.73999786376953,70.73999786376953,2746800
2020-06-24,70.16999816894531,70.36000061035156,67.36000061035156,67.48999786376953,67.48999786376953,2932900
2020-06-25,67.44999694824219,68.19000244140625,66.44999694824219,68.06999969482422,68.06999969482422,3299700
2020-06-26,68.41999816894531,69.08000183105469,66.87999725341797,67.12999725341797,67.12999725341797,3768500
2020-06-29,67.62000274658203,68.0999984741211,66.7300033569336,67.88999938964844,67.88999938964844,2380300
2020-06-30,67.94999694824219,69.33000183105469,67.27999877929688,69.11000061035156,69.11000061035156,2597200
2020-07-01,69.08000183105469,69.58000183105469,68.33000183105469,69.0,69.0,1915800
2020-07-02,69.55000305175781,70.2300033569336,68.80000305175781,69.19000244140625,69.19000244140625,2045100
2020-07-06,70.0,70.29000091552734,69.20999908447266,69.52999877929688,69.52999877929688,2035800
2020-07-07,69.05999755859375,69.91000366210938,68.44999694824219,68.56999969482422,68.56999969482422,2552300
2020-07-08,68.66000366210938,69.29000091552734,67.81999969482422,68.76000213623047,68.76000213623047,1905200
2020-07-09,68.63999938964844,69.2300033569336,67.2699966430664,68.26000213623047,68.26000213623047,2409200
2020-07-10,68.2699966430664,68.37999725341797,66.87000274658203,67.81999969482422,67.81999969482422,2799800
2020-07-13,68.48999786376953,68.86000061035156,66.94999694824219,67.19000244140625,67.19000244140625,3578900
2020-07-14,67.66000366210938,71.25,67.51000213623047,71.22000122070312,71.22000122070312,4805300
2020-07-15,72.19000244140625,73.61000061035156,71.43000030517578,72.47000122070312,72.47000122070312,3810000
2020-07-16,71.95999908447266,72.19000244140625,71.16000366210938,71.8499984741211,71.8499984741211,2115000
2020-07-17,72.04000091552734,74.5999984741211,71.25,74.11000061035156,74.11000061035156,5154100
2020-07-20,74.05000305175781,75.80999755859375,74.01000213623047,74.63999938964844,74.63999938964844,2609800
2020-07-21,75.38999938964844,76.58000183105469,75.0,75.94000244140625,75.94000244140625,2794600
2020-07-22,75.87000274658203,78.55999755859375,75.62999725341797,77.91000366210938,77.91000366210938,3373000
2020-07-23,77.9800033569336,78.91999816894531,77.16000366210938,77.31999969482422,77.31999969482422,3361000
2020-07-24,80.0,80.5,76.0999984741211,78.12999725341797,78.12999725341797,5463000
2020-07-27,78.12000274658203,79.18000030517578,77.4000015258789,78.69000244140625,78.69000244140625,2466900
2020-07-28,78.26000213623047,78.88999938964844,77.41000366210938,77.44000244140625,77.44000244140625,2007100
2020-07-29,77.7300033569336,80.29000091552734,77.55000305175781,79.33000183105469,79.33000183105469,1834000
2020-07-30,78.2699966430664,79.05999755859375,77.41999816894531,78.94999694824219,78.94999694824219,1666100
2020-07-31,79.05999755859375,79.30000305175781,77.79000091552734,78.41000366210938,78.41000366210938,2185600
2020-08-03,78.58000183105469,78.87999725341797,77.72000122070312,78.0199966430664,78.0199966430664,1554700
2020-08-04,77.81999969482422,77.94000244140625,76.05000305175781,76.5999984741211,76.5999984741211,2003500
2020-08-05,76.8499984741211,78.4000015258789,76.7300033569336,78.12000274658203,78.12000274658203,1421000
2020-08-06,77.52999877929688,77.76000213623047,76.5,77.41000366210938,77.41000366210938,1353600
2020-08-07,77.2699966430664,77.63999938964844,76.16000366210938,76.94000244140625,76.94000244140625,2221300
2020-08-10,76.81999969482422,77.12999725341797,75.48999786376953,75.77999877929688,75.77999877929688,1902100
2020-08-11,76.47000122070312,77.5999984741211,75.55000305175781,76.66000366210938,76.66000366210938,2189800
2020-08-12,77.0,78.83999633789062,76.95999908447266,78.58000183105469,78.58000183105469,2050000
2020-08-13,78.23999786376953,79.83999633789062,77.9800033569336,79.4000015258789,79.4000015258789,2332900
2020-08-14,78.69000244140625,79.13999938964844,77.66999816894531,78.06999969482422,78.06999969482422,1317600
2020-08-17,78.1500015258789,79.05999755859375,78.06999969482422,78.44000244140625,78.44000244140625,1672300
2020-08-18,78.45999908447266,78.81999969482422,77.91999816894531,78.58999633789062,78.58999633789062,1397500
2020-08-19,78.87000274658203,79.7699966430664,78.30999755859375,78.7699966430664,78.7699966430664,2566200
2020-08-20,78.22000122070312,79.13999938964844,78.02999877929688,79.0999984741211,79.0999984741211,1727100
2020-08-21,78.94999694824219,78.94999694824219,78.08999633789062,78.70999908447266,78.70999908447266,1699800
2020-08-24,79.0,79.86000061035156,78.1500015258789,78.70999908447266,78.70999908447266,2271100
2020-08-25,79.54000091552734,80.98999786376953,79.20999908447266,80.3499984741211,80.3499984741211,2027000
2020-08-26,80.3499984741211,81.70999908447266,80.18000030517578,81.5199966430664,81.5199966430664,2714000
2020-08-27,81.5199966430664,84.30999755859375,81.19000244140625,83.69999694824219,83.69999694824219,3596700
2020-08-28,83.87000274658203,84.5999984741211,83.16000366210938,84.33000183105469,84.33000183105469,2995400
2020-08-31,84.37999725341797,86.41000366210938,83.95999908447266,85.83999633789062,85.83999633789062,4171500
2020-09-01,85.08999633789062,86.01000213623047,84.51000213623047,85.91000366210938,85.91000366210938,3611800
2020-09-02,86.25,87.79000091552734,85.95999908447266,87.44000244140625,87.44000244140625,3037800
2020-09-03,87.52999877929688,87.5999984741211,84.94999694824219,85.69000244140625,85.69000244140625,4146100
2020-09-04,85.7699966430664,86.08000183105469,82.6500015258789,83.70999908447266,83.70999908447266,2786900
2020-09-08,82.75,83.54000091552734,82.02999877929688,82.16000366210938,82.16000366210938,2892800
2020-09-09,83.30999755859375,85.70999908447266,83.06999969482422,84.83999633789062,84.83999633789062,2160900
2020-09-10,85.13999938964844,85.13999938964844,82.43000030517578,82.63999938964844,82.63999938964844,2276500
2020-09-11,83.0,83.05000305175781,80.9800033569336,81.77999877929688,81.77999877929688,1721600
2020-09-14,82.08000183105469,83.5,81.93000030517578,82.94999694824219,82.94999694824219,1702400
2020-09-15,83.4800033569336,84.27999877929688,82.94000244140625,83.30000305175781,83.30000305175781,2378700
2020-09-16,83.69999694824219,84.69000244140625,83.54000091552734,83.87000274658203,83.87000274658203,1992500
2020-09-17,83.05999755859375,83.93000030517578,82.44000244140625,83.69000244140625,83.69000244140625,2463400
2020-09-18,83.58000183105469,84.86000061035156,82.30999755859375,83.19999694824219,83.19999694824219,3592900
2020-09-21,81.61000061035156,82.19999694824219,79.69999694824219,81.44999694824219,81.44999694824219,2164300
2020-09-22,81.25,81.44999694824219,77.6500015258789,78.68000030517578,78.68000030517578,4062000
2020-09-23,78.75,78.76000213623047,75.66999816894531,76.05000305175781,76.05000305175781,4253800
2020-09-24,75.73999786376953,76.08000183105469,74.25,74.66999816894531,74.66999816894531,2575700
2020-09-25,74.18000030517578,77.48999786376953,74.06999969482422,77.44999694824219,77.44999694824219,2869000
2020-09-28,78.3499984741211,78.72000122070312,77.48999786376953,77.70999908447266,77.70999908447266,2805500
2020-09-29,78.33999633789062,80.02999877929688,77.97000122070312,78.30999755859375,78.30999755859375,2640600
2020-09-30,78.33000183105469,80.98999786376953,78.31999969482422,79.81999969482422,79.81999969482422,3248400
2020-10-01,80.37999725341797,80.73999786376953,78.44000244140625,78.9800033569336,78.9800033569336,1994100
2020-10-02,77.94999694824219,79.91999816894531,77.66999816894531,78.80999755859375,78.80999755859375,1541600
2020-10-05,79.12000274658203,80.5,79.04000091552734,80.1500015258789,80.1500015258789,1662200
2020-10-06,80.27999877929688,80.43000030517578,78.47000122070312,78.58999633789062,78.58999633789062,1488300
2020-10-07,79.58000183105469,81.72000122070312,79.44999694824219,81.5,81.5,1971200
2020-10-08,82.0,82.25,80.93000030517578,81.6500015258789,81.6500015258789,1805000
2020-10-09,82.5999984741211,83.94999694824219,81.80999755859375,83.9000015258789,83.9000015258789,2229700
2020-10-12,84.44000244140625,85.47000122070312,83.18000030517578,85.0199966430664,85.0199966430664,2090300
2020-10-13,84.04000091552734,85.01000213623047,83.19999694824219,83.94000244140625,83.94000244140625,1830900
2020-10-14,83.91999816894531,86.25,83.7699966430664,85.16999816894531,85.16999816894531,1805200
2020-10-15,83.83000183105469,85.87000274658203,83.48999786376953,85.31999969482422,85.31999969482422,2006300
2020-10-16,85.87000274658203,86.9800033569336,85.19999694824219,85.33000183105469,85.33000183105469,1831100
2020-10-19,85.5,86.7300033569336,83.2300033569336,84.0,84.0,1832900
2020-10-20,84.48999786376953,85.66000366210938,83.69000244140625,84.43000030517578,84.43000030517578,1415700
2020-10-21,84.44000244140625,84.83999633789062,82.58000183105469,83.61000061035156,83.61000061035156,2149800
2020-10-22,79.73999786376953,81.0,78.0199966430664,79.37999725341797,79.37999725341797,6110100
2020-10-23,79.86000061035156,80.5199966430664,79.06999969482422,80.41000366210938,80.41000366210938,2500400
2020-10-26,79.2300033569336,79.5199966430664,77.31999969482422,78.08000183105469,78.08000183105469,2396900
2020-10-27,78.3499984741211,78.6500015258789,76.38999938964844,76.5,76.5,2661800
2020-10-28,75.01000213623047,75.44999694824219,73.18000030517578,73.26000213623047,73.26000213623047,3192300
2020-10-29,73.41999816894531,73.98999786376953,72.0999984741211,72.91000366210938,72.91000366210938,2253700
2020-10-30,72.4800033569336,72.80999755859375,70.91999816894531,71.69000244140625,71.69000244140625,3131100
2020-11-02,73.11000061035156,73.83999633789062,72.13999938964844,72.5999984741211,72.5999984741211,2614800
2020-11-03,73.5,74.80000305175781,73.0999984741211,74.20999908447266,74.20999908447266,2518500
2020-11-04,76.23999786376953,77.48999786376953,75.12999725341797,75.97000122070312,75.97000122070312,3241400
2020-11-05,76.95999908447266,78.44000244140625,76.13999938964844,77.55000305175781,77.55000305175781,2721500
2020-11-06,77.69000244140625,78.51000213623047,77.16000366210938,78.02999877929688,78.02999877929688,2585500
2020-11-09,82.0,85.83000183105469,81.5999984741211,84.0,84.0,4185300
2020-11-10,83.69999694824219,83.95999908447266,81.0,81.20999908447266,81.20999908447266,3365200
2020-11-11,81.76000213623047,81.76000213623047,79.20999908447266,80.02999877929688,80.02999877929688,2468300
2020-11-12,79.37999725341797,80.5999984741211,78.33999633789062,80.3499984741211,80.3499984741211,2437600
2020-11-13,80.33999633789062,82.27999877929688,79.88999938964844,81.77999877929688,81.77999877929688,2342100
2020-11-16,82.9000015258789,83.19999694824219,81.12999725341797,82.16999816894531,82.16999816894531,1841000
2020-11-17,85.25,88.0,83.88999938964844,85.18000030517578,85.18000030517578,4972500
2020-11-18,84.8499984741211,87.23999786376953,84.5999984741211,85.23999786376953,85.23999786376953,5012700
2020-11-19,84.44999694824219,85.54000091552734,84.06999969482422,85.23999786376953,85.23999786376953,2178700
2020-11-20,85.02999877929688,85.38999938964844,84.36000061035156,84.52999877929688,84.52999877929688,2794800
2020-11-23,84.94999694824219,85.80999755859375,83.86000061035156,84.69999694824219,84.69999694824219,1596500
2020-11-24,85.5,86.1500015258789,85.01000213623047,85.61000061035156,85.61000061035156,1903200
2020-11-25,85.2699966430664,85.54000091552734,83.83000183105469,84.20999908447266,84.20999908447266,1712100
2020-11-27,84.87000274658203,85.36000061035156,83.83000183105469,85.26000213623047,85.26000213623047,919800
2020-11-30,84.9800033569336,84.9800033569336,83.12000274658203,83.88999938964844,83.88999938964844,3948000
2020-12-01,84.55999755859375,84.93000030517578,83.56999969482422,83.87999725341797,83.87999725341797,2529100
2020-12-02,83.66999816894531,84.80999755859375,83.16999816894531,84.47000122070312,84.47000122070312,1500500
2020-12-03,83.9000015258789,84.77999877929688,83.37999725341797,83.6500015258789,83.6500015258789,1697300
2020-12-04,84.2300033569336,85.95999908447266,83.70999908447266,85.76000213623047,85.76000213623047,2413200
2020-12-07,85.69999694824219,86.54000091552734,85.13999938964844,86.05999755859375,86.05999755859375,2775100
2020-12-08,85.9800033569336,86.06999969482422,84.31999969482422,85.4000015258789,85.4000015258789,1995400
2020-12-09,85.5,86.0,83.9000015258789,85.02999877929688,85.02999877929688,2898700
2020-12-10,85.02999877929688,87.7699966430664,84.81999969482422,86.73999786376953,86.73999786376953,2631500
2020-12-11,86.19999694824219,86.2699966430664,83.6500015258789,84.18000030517578,84.18000030517578,2202300
2020-12-14,84.52999877929688,85.80000305175781,83.51000213623047,83.56999969482422,83.56999969482422,2408500
2020-12-15,84.7699966430664,85.4800033569336,83.69000244140625,85.1500015258789,85.1500015258789,2739700
2020-12-16,83.87999725341797,86.08000183105469,83.72000122070312,85.08999633789062,85.08999633789062,1816500
2020-12-17,85.0,86.58999633789062,84.66000366210938,86.5199966430664,86.5199966430664,1689000
2020-12-18,86.44000244140625,87.19999694824219,85.7699966430664,86.81999969482422,86.81999969482422,6067600
2020-12-21,85.19000244140625,85.75,83.22000122070312,85.63999938964844,85.63999938964844,2327400
2020-12-22,85.79000091552734,88.44000244140625,85.27999877929688,88.0,88.0,2183600
2020-12-23,88.5,90.05999755859375,88.2699966430664,88.27999877929688,88.27999877929688,1598300
2020-12-24,88.5199966430664,88.98999786376953,88.1500015258789,88.62999725341797,88.62999725341797,441500
2020-12-28,88.88999938964844,90.77999877929688,88.88999938964844,90.58000183105469,90.58000183105469,1451400
2020-12-29,91.38999938964844,92.08000183105469,89.93000030517578,90.0,90.0,1476500
2020-12-30,90.5,90.76000213623047,89.29000091552734,89.63999938964844,89.63999938964844,1115800
2020-12-31,89.76000213623047,91.33000183105469,89.37000274658203,91.2300033569336,91.2300033569336,1100300
2021-01-04,91.5,91.7300033569336,87.87999725341797,88.91999816894531,88.91999816894531,2368200
2021-01-05,88.8499984741211,89.41999816894531,88.01000213623047,88.44000244140625,88.44000244140625,2720500
2021-01-06,87.68000030517578,88.44999694824219,86.5999984741211,87.19999694824219,87.19999694824219,3185800
2021-01-07,87.52999877929688,89.5999984741211,86.79000091552734,89.44000244140625,89.44000244140625,2494000
2021-01-08,90.04000091552734,91.37000274658203,89.62000274658203,90.66999816894531,90.66999816894531,1997700
2021-01-11,90.20999908447266,90.33000183105469,89.13999938964844,89.37000274658203,89.37000274658203,2107100
2021-01-12,89.27999877929688,89.66000366210938,87.5999984741211,87.8499984741211,87.8499984741211,2193700
2021-01-13,87.55000305175781,89.5199966430664,87.3499984741211,89.26000213623047,89.26000213623047,1809600
2021-01-14,89.30999755859375,89.6500015258789,87.30000305175781,87.48999786376953,87.48999786376953,2881200
2021-01-15,87.2699966430664,88.1500015258789,86.83999633789062,87.87000274658203,87.87000274658203,3128600
2021-01-19,88.66999816894531,89.43000030517578,87.80000305175781,87.91000366210938,87.91000366210938,1976600
2021-01-20,88.31999969482422,88.63999938964844,87.37000274658203,88.0999984741211,88.0999984741211,3561800
2021-01-21,88.16999816894531,88.88999938964844,86.55000305175781,87.2300033569336,87.2300033569336,1796200
2021-01-22,86.9800033569336,87.37999725341797,85.20999908447266,85.5199966430664,85.5199966430664,3278900
2021-01-25,85.38999938964844,86.30999755859375,84.5999984741211,85.88999938964844,85.88999938964844,3297700
2021-01-26,84.5999984741211,87.83999633789062,84.02999877929688,86.54000091552734,86.54000091552734,2186600
2021-01-27,85.80000305175781,85.98999786376953,84.2300033569336,84.83999633789062,84.83999633789062,3290000
2021-01-28,82.05999755859375,85.5999984741211,82.01000213623047,83.37999725341797,83.37999725341797,5277400
2021-01-29,83.01000213623047,83.5,81.62000274658203,82.58000183105469,82.58000183105469,4292000
2021-02-01,83.54000091552734,83.87000274658203,81.8499984741211,81.91999816894531,81.91999816894531,2126100
2021-02-02,82.22000122070312,84.72000122070312,82.01000213623047,83.97000122070312,83.97000122070312,2515000
2021-02-03,83.51000213623047,84.12000274658203,82.44999694824219,83.86000061035156,83.86000061035156,2174600
2021-02-04,84.54000091552734,86.16000366210938,84.0199966430664,85.43000030517578,85.43000030517578,2441700
2021-02-05,85.95999908447266,86.19000244140625,85.0199966430664,85.0999984741211,85.0999984741211,1969500
2021-02-08,85.1500015258789,86.31999969482422,84.61000061035156,86.08000183105469,86.08000183105469,2167800
2021-02-09,86.30000305175781,86.93000030517578,85.37000274658203,85.80000305175781,85.80000305175781,1486200
2021-02-10,86.01000213623047,86.73999786376953,85.62000274658203,86.38999938964844,86.38999938964844,2713600
2021-02-11,86.80999755859375,88.11000061035156,86.22000122070312,88.06999969482422,88.06999969482422,2220700
2021-02-12,87.2699966430664,87.81999969482422,86.68000030517578,87.6500015258789,87.6500015258789,2094000
2021-02-16,88.19999694824219,88.19999694824219,86.12999725341797,86.9800033569336,86.9800033569336,2274500
2021-02-17,86.43000030517578,86.8499984741211,84.77999877929688,85.06999969482422,85.06999969482422,2399400
2021-02-18,84.44000244140625,86.0999984741211,83.26000213623047,85.23999786376953,85.23999786376953,2293700
2021-02-19,85.58999633789062,85.81999969482422,83.98999786376953,84.30999755859375,84.30999755859375,4797500
2021-02-22,83.80999755859375,84.0,82.76000213623047,83.33999633789062,83.33999633789062,3201100
2021-02-23,83.62999725341797,85.62999725341797,82.44000244140625,85.22000122070312,85.22000122070312,4287500
2021-02-24,85.27999877929688,86.08000183105469,84.44000244140625,84.44999694824219,84.44999694824219,1931800
2021-02-25,84.1500015258789,85.08999633789062,82.91999816894531,83.97000122070312,83.97000122070312,2107300
2021-02-26,84.3499984741211,84.3499984741211,82.70999908447266,83.0999984741211,83.0999984741211,2641900
2021-03-01,83.98999786376953,85.79000091552734,83.98999786376953,85.7699966430664,85.7699966430664,3181700
2021-03-02,86.0,86.87999725341797,85.4800033569336,86.27999877929688,86.27999877929688,3315800
2021-03-03,85.77999877929688,86.41000366210938,84.23999786376953,84.25,84.25,2514300
2021-03-04,84.25,84.87999725341797,81.2300033569336,81.87999725341797,81.87999725341797,2764000
2021-03-05,82.29000091552734,82.48999786376953,78.86000061035156,81.72000122070312,81.72000122070312,2771500
2021-03-08,81.37000274658203,82.37999725341797,80.29000091552734,80.31999969482422,80.31999969482422,2779900
2021-03-09,81.12000274658203,83.41999816894531,80.9000015258789,82.0199966430664,82.0199966430664,2293800
2021-03-10,82.58000183105469,84.95999908447266,82.25,82.9800033569336,82.9800033569336,2771800
2021-03-11,83.63999938964844,84.38999938964844,82.58999633789062,82.97000122070312,82.97000122070312,1996100
2021-03-12,83.06999969482422,83.23999786376953,81.95999908447266,82.06999969482422,82.06999969482422,1865500
2021-03-15,81.66000366210938,82.0999984741211,80.79000091552734,81.13999938964844,81.13999938964844,3764000
2021-03-16,81.30999755859375,82.18000030517578,80.62000274658203,81.26000213623047,81.26000213623047,2494600
2021-03-17,81.01000213623047,81.20999908447266,79.72000122070312,80.37999725341797,80.37999725341797,2303800
2021-03-18,80.0,80.19999694824219,78.58000183105469,78.68000030517578,78.68000030517578,2363300
2021-03-19,78.66999816894531,80.13999938964844,78.44000244140625,79.41000366210938,79.41000366210938,3507800
2021-03-22,78.98999786376953,80.41999816894531,78.80000305175781,79.66000366210938,79.66000366210938,2497100
2021-03-23,79.69000244140625,80.80999755859375,79.30999755859375,79.7699966430664,79.7699966430664,2390800
2021-03-24,80.0,80.93000030517578,79.66000366210938,80.20999908447266,80.20999908447266,2494500
2021-03-25,80.33000183105469,80.80000305175781,79.30000305175781,80.55000305175781,80.55000305175781,2758500
2021-03-26,80.75,82.41000366210938,80.20999908447266,82.30000305175781,82.30000305175781,2784700
2021-03-29,82.13999938964844,83.18000030517578,81.19999694824219,82.43000030517578,82.43000030517578,2376100
2021-03-30,82.08999633789062,83.22000122070312,81.97000122070312,82.8499984741211,82.8499984741211,3001400
2021-03-31,83.3499984741211,84.33000183105469,83.16999816894531,83.63999938964844,83.63999938964844,3567600
2021-04-01,83.9800033569336,84.44000244140625,83.12000274658203,83.83999633789062,83.83999633789062,2424100
2021-04-05,84.91000366210938,86.23999786376953,84.4800033569336,85.73999786376953,85.73999786376953,2555400
2021-04-06,85.19999694824219,86.55000305175781,85.19000244140625,85.41000366210938,85.41000366210938,2324600
2021-04-07,85.44000244140625,85.98999786376953,84.0199966430664,84.12000274658203,84.12000274658203,2549100
2021-04-08,84.87999725341797,85.13999938964844,84.02999877929688,84.16000366210938,84.16000366210938,2461200
2021-04-09,84.51000213623047,86.0,83.80000305175781,85.98999786376953,85.98999786376953,2550800
2021-04-12,85.75,86.52999877929688,85.43000030517578,85.81999969482422,85.81999969482422,2600500
2021-04-13,85.54000091552734,86.80999755859375,85.38999938964844,86.44000244140625,86.44000244140625,2042700
2021-04-14,86.36000061035156,87.66000366210938,86.13999938964844,86.25,86.25,1963300
2021-04-15,86.44999694824219,88.4000015258789,86.44999694824219,88.0,88.0,1860700
2021-04-16,88.56999969482422,89.12999725341797,87.66000366210938,89.0199966430664,89.0199966430664,6863400
2021-04-19,88.37000274658203,89.02999877929688,87.80999755859375,88.55999755859375,88.55999755859375,2671600
2021-04-20,88.76000213623047,91.02999877929688,88.7300033569336,89.62999725341797,89.62999725341797,3943300
2021-04-21,90.30999755859375,95.95999908447266,90.30999755859375,95.23999786376953,95.23999786376953,7071200
2021-04-22,94.4000015258789,96.38999938964844,93.76000213623047,96.1500015258789,96.1500015258789,4050400
2021-04-23,96.2699966430664,98.11000061035156,96.05000305175781,97.44999694824219,97.44999694824219,2422800
2021-04-26,97.27999877929688,97.55000305175781,95.51000213623047,96.02999877929688,96.02999877929688,2954500
2021-04-27,95.93000030517578,96.62000274658203,95.66000366210938,96.1500015258789,96.1500015258789,2094900
2021-04-28,96.33000183105469,97.01000213623047,95.86000061035156,96.77999877929688,96.77999877929688,2405400
2021-04-29,97.30000305175781,97.38999938964844,96.01000213623047,96.26000213623047,96.26000213623047,2347200
2021-04-30,95.91999816894531,96.41999816894531,94.8499984741211,95.5199966430664,95.5199966430664,2252700
2021-05-03,95.8499984741211,95.98999786376953,94.19999694824219,94.62999725341797,94.62999725341797,2327200
2021-05-04,94.12999725341797,94.12999725341797,92.4800033569336,93.30999755859375,93.30999755859375,2511400
2021-05-05,93.61000061035156,93.72000122070312,90.23999786376953,91.7699966430664,91.7699966430664,2455900
2021-05-06,91.4800033569336,91.87000274658203,90.36000061035156,91.75,91.75,2402800
2021-05-07,91.87000274658203,93.66999816894531,91.80000305175781,92.16999816894531,92.16999816894531,2255100
2021-05-10,92.22000122070312,92.4000015258789,90.25,90.4000015258789,90.4000015258789,2356500
2021-05-11,89.41000366210938,90.19999694824219,88.66000366210938,89.51000213623047,89.51000213623047,2175300
2021-05-12,88.55999755859375,88.87999725341797,87.31999969482422,87.47000122070312,87.47000122070312,1905800
2021-05-13,88.08000183105469,88.62000274658203,87.36000061035156,87.94000244140625,87.94000244140625,1094000
2021-05-14,88.30000305175781,89.94000244140625,88.01000213623047,89.48999786376953,89.48999786376953,2074700
2021-05-17,89.2300033569336,90.20999908447266,89.12000274658203,89.8499984741211,89.8499984741211,3412800
2021-05-18,90.25,91.05999755859375,89.61000061035156,90.06999969482422,90.06999969482422,1552200
2021-05-19,89.18000030517578,90.69999694824219,88.95999908447266,90.68000030517578,90.68000030517578,1974200
2021-05-20,91.0199966430664,93.2699966430664,91.0199966430664,92.80000305175781,92.80000305175781,2203900
2021-05-21,93.12999725341797,94.62999725341797,93.12999725341797,94.19999694824219,94.19999694824219,3472800
2021-05-24,95.0,96.47000122070312,94.91999816894531,95.44999694824219,95.44999694824219,3147100
2021-05-25,95.95999908447266,96.76000213623047,95.80999755859375,96.68000030517578,96.68000030517578,2230700
2021-05-26,97.27999877929688,97.27999877929688,94.68000030517578,96.0,96.0,2308400
2021-05-27,95.80000305175781,95.81999969482422,94.30999755859375,94.3499984741211,94.3499984741211,3799600
2021-05-28,95.29000091552734,96.44000244140625,95.2699966430664,95.9000015258789,95.9000015258789,2097800
2021-06-01,96.69000244140625,96.69999694824219,94.75,95.12000274658203,95.12000274658203,2010600
2021-06-02,94.88999938964844,95.12999725341797,93.08000183105469,93.37999725341797,93.37999725341797,1791800
2021-06-03,92.80000305175781,94.58999633789062,92.58999633789062,94.33999633789062,94.33999633789062,2212200
2021-06-04,95.1500015258789,96.3499984741211,95.06999969482422,95.87000274658203,95.87000274658203,2133000
2021-06-07,95.83999633789062,98.04000091552734,95.76000213623047,96.33999633789062,96.33999633789062,1944600
2021-06-08,96.9800033569336,97.4000015258789,95.87999725341797,96.9800033569336,96.9800033569336,1898300
2021-06-09,97.44999694824219,97.83000183105469,96.81999969482422,97.08000183105469,97.08000183105469,1889500
2021-06-10,97.23999786376953,99.94999694824219,97.16000366210938,99.94000244140625,99.94000244140625,2938300
2021-06-11,99.55000305175781,100.0999984741211,99.05999755859375,99.98999786376953,99.98999786376953,2843700
2021-06-14,99.91000366210938,101.0,99.58000183105469,100.95999908447266,100.95999908447266,2024300
2021-06-15,101.16999816894531,101.27999877929688,99.91000366210938,100.27999877929688,100.27999877929688,1503100
2021-06-16,100.73999786376953,101.20999908447266,99.52999877929688,100.13999938964844,100.13999938964844,2511000
2021-06-17,99.9800033569336,101.20999908447266,99.76000213623047,100.98999786376953,100.98999786376953,2538700
2021-06-18,100.12000274658203,101.52999877929688,100.06999969482422,100.70999908447266,100.70999908447266,3222600
2021-06-21,101.45999908447266,103.27999877929688,100.43000030517578,102.83999633789062,102.83999633789062,2059300
2021-06-22,102.87999725341797,104.73999786376953,102.66000366210938,104.5199966430664,104.5199966430664,2542200
2021-06-23,104.25,105.0999984741211,104.25,104.76000213623047,104.76000213623047,2068800
2021-06-24,105.52999877929688,105.58000183105469,103.72000122070312,103.80000305175781,103.80000305175781,1849100
2021-06-25,104.11000061035156,104.7300033569336,103.19000244140625,103.56999969482422,103.56999969482422,2947600
2021-06-28,103.63999938964844,104.0,101.73999786376953,102.58000183105469,102.58000183105469,4900500
2021-06-29,102.56999969482422,103.79000091552734,102.19000244140625,103.58999633789062,103.58999633789062,1989400
2021-06-30,103.95999908447266,104.63999938964844,103.23999786376953,103.56999969482422,103.56999969482422,2517300
2021-07-01,103.5999984741211,105.0,103.52999877929688,104.80999755859375,104.80999755859375,2661700
2021-07-02,105.30000305175781,106.7300033569336,105.05999755859375,106.58999633789062,106.58999633789062,1838100
2021-07-06,106.58000183105469,106.58000183105469,105.06999969482422,106.45999908447266,106.45999908447266,2205000
2021-07-07,106.88999938964844,108.06999969482422,105.97000122070312,107.87999725341797,107.87999725341797,2495500
2021-07-08,106.72000122070312,108.29000091552734,106.11000061035156,108.19000244140625,108.19000244140625,1805500
2021-07-09,108.41000366210938,109.01000213623047,107.0999984741211,107.51000213623047,107.51000213623047,1567300
2021-07-12,107.4800033569336,107.69999694824219,106.20999908447266,106.83999633789062,106.83999633789062,2420100
2021-07-13,107.01000213623047,107.04000091552734,105.88999938964844,106.73999786376953,106.73999786376953,1378800
2021-07-14,106.8499984741211,107.55000305175781,106.5199966430664,106.79000091552734,106.79000091552734,1755100
2021-07-15,106.56999969482422,106.83000183105469,105.44999694824219,106.33999633789062,106.33999633789062,2540300
2021-07-16,106.93000030517578,107.45999908447266,106.13999938964844,106.91999816894531,106.91999816894531,5378500
2021-07-19,106.0999984741211,106.0999984741211,102.69999694824219,102.91000366210938,102.91000366210938,4677300
2021-07-20,103.36000061035156,107.08000183105469,103.20999908447266,106.58000183105469,106.58000183105469,2783500
2021-07-21,107.27999877929688,107.31999969482422,105.30000305175781,106.05000305175781,106.05000305175781,2109700
2021-07-22,106.30999755859375,107.0999984741211,105.58999633789062,107.05999755859375,107.05999755859375,1195100
2021-07-23,108.08000183105469,109.66999816894531,107.44000244140625,109.4000015258789,109.4000015258789,2527900
2021-07-26,109.01000213623047,109.1500015258789,107.87999725341797,108.88999938964844,108.88999938964844,2576000
2021-07-27,109.01000213623047,110.13999938964844,108.80000305175781,109.9000015258789,109.9000015258789,1781700
2021-07-28,110.0,110.77999877929688,109.38999938964844,110.05999755859375,110.05999755859375,1592800
2021-07-29,110.33000183105469,111.95999908447266,109.95999908447266,111.62000274658203,111.62000274658203,3439000
2021-07-30,113.37999725341797,114.2300033569336,109.83000183105469,112.2699966430664,112.2699966430664,3518100
2021-08-02,112.41999816894531,113.83999633789062,112.08000183105469,113.27999877929688,113.27999877929688,2274800
2021-08-03,113.31999969482422,114.73999786376953,113.05000305175781,114.69999694824219,114.69999694824219,2088100
2021-08-04,114.66999816894531,114.98999786376953,113.54000091552734,114.45999908447266,114.45999908447266,2079300
2021-08-05,115.0,115.5999984741211,113.18000030517578,114.77999877929688,114.77999877929688,1652600
2021-08-06,114.5,115.4000015258789,113.95999908447266,115.20999908447266,115.20999908447266,1594100
2021-08-09,115.54000091552734,115.83000183105469,113.80000305175781,114.33000183105469,114.33000183105469,1594900
2021-08-10,114.38999938964844,114.66000366210938,111.76000213623047,111.94999694824219,111.94999694824219,2390400
2021-08-11,112.11000061035156,112.27999877929688,110.81999969482422,111.13999938964844,111.13999938964844,1805500
2021-08-12,111.20999908447266,112.25,110.97000122070312,111.7699966430664,111.7699966430664,1313400
2021-08-13,111.79000091552734,113.18000030517578,111.30999755859375,113.1500015258789,113.1500015258789,1958900
2021-08-16,113.05000305175781,114.41999816894531,112.7300033569336,114.36000061035156,114.36000061035156,1996000
2021-08-17,113.9000015258789,117.41000366210938,113.75,117.26000213623047,117.26000213623047,2689200
2021-08-18,117.51000213623047,118.18000030517578,116.18000030517578,116.26000213623047,116.26000213623047,2000400
2021-08-19,115.5199966430664,118.30999755859375,115.30999755859375,117.94999694824219,117.94999694824219,1258800
2021-08-20,118.0199966430664,119.33000183105469,117.30999755859375,118.94999694824219,118.94999694824219,1470400
2021-08-23,119.54000091552734,119.94000244140625,116.9000015258789,116.95999908447266,116.95999908447266,2315800
2021-08-24,116.44999694824219,118.70999908447266,115.66999816894531,118.08999633789062,118.08999633789062,2086400
2021-08-25,117.83000183105469,118.0,116.3499984741211,117.0199966430664,117.0199966430664,1958400
2021-08-26,116.79000091552734,117.11000061035156,116.08999633789062,116.95999908447266,116.95999908447266,1645300
2021-08-27,117.55999755859375,117.70999908447266,116.08999633789062,116.38999938964844,116.38999938964844,1611300
2021-08-30,116.87000274658203,118.4800033569336,116.54000091552734,118.04000091552734,118.04000091552734,1429900
2021-08-31,118.0,118.72000122070312,116.37000274658203,117.18000030517578,117.18000030517578,2322800
2021-09-01,117.5,119.58999633789062,116.83999633789062,119.43000030517578,119.43000030517578,1795000
2021-09-02,120.0,120.94000244140625,119.69999694824219,120.61000061035156,120.61000061035156,1913000
2021-09-03,120.26000213623047,121.37000274658203,119.94000244140625,121.06999969482422,121.06999969482422,1280800
2021-09-07,120.81999969482422,122.12000274658203,119.69999694824219,121.98999786376953,121.98999786376953,1907200
2021-09-08,121.26000213623047,123.2699966430664,120.91000366210938,122.75,122.75,1678000
2021-09-09,122.87999725341797,123.0,121.86000061035156,122.08000183105469,122.08000183105469,1553900
2021-09-10,122.58999633789062,123.0,120.58000183105469,120.88999938964844,120.88999938964844,1869800
2021-09-13,121.58000183105469,121.80000305175781,117.8499984741211,119.3499984741211,119.3499984741211,1537900
2021-09-14,120.44999694824219,121.33999633789062,119.41000366210938,120.94000244140625,120.94000244140625,1589700
2021-09-15,120.62999725341797,121.88999938964844,119.93000030517578,121.0199966430664,121.0199966430664,1864600
2021-09-16,121.4800033569336,121.5999984741211,119.5199966430664,120.69000244140625,120.69000244140625,1906600
2021-09-17,116.8499984741211,119.66999816894531,116.8499984741211,119.41999816894531,119.41999816894531,3695300
2021-09-20,118.16999816894531,118.93000030517578,116.36000061035156,117.98999786376953,117.98999786376953,2448400
2021-09-21,118.94999694824219,120.1500015258789,118.41999816894531,118.5,118.5,1360200
2021-09-22,118.63999938964844,120.41000366210938,118.02999877929688,119.66000366210938,119.66000366210938,1579200
2021-09-23,120.36000061035156,121.79000091552734,119.6500015258789,121.0199966430664,121.0199966430664,1518400
2021-09-24,120.45999908447266,120.9000015258789,119.0999984741211,120.06999969482422,120.06999969482422,1672500
2021-09-27,119.30999755859375,119.83000183105469,115.76000213623047,117.06999969482422,117.06999969482422,1804700
2021-09-28,115.70999908447266,115.79000091552734,112.95999908447266,113.86000061035156,113.86000061035156,2422900
2021-09-29,114.2300033569336,115.4000015258789,113.29000091552734,113.5199966430664,113.5199966430664,2934400
2021-09-30,114.0,115.48999786376953,113.16999816894531,113.20999908447266,113.20999908447266,2987300
2021-10-01,113.31999969482422,113.58000183105469,110.63999938964844,112.27999877929688,112.27999877929688,4396100
2021-10-04,111.72000122070312,111.95999908447266,105.66000366210938,106.37000274658203,106.37000274658203,5127900
2021-10-05,106.95999908447266,110.58000183105469,106.83000183105469,108.83000183105469,108.83000183105469,2851800
2021-10-06,107.91000366210938,109.5999984741211,107.54000091552734,109.4800033569336,109.4800033569336,2250600
2021-10-07,110.7699966430664,112.5199966430664,110.70999908447266,110.88999938964844,110.88999938964844,2289600
2021-10-08,110.91000366210938,111.18000030517578,108.62000274658203,108.7300033569336,108.7300033569336,1962400
2021-10-11,108.0,109.36000061035156,107.69999694824219,108.48999786376953,108.48999786376953,1762900
2021-10-12,109.33000183105469,109.8499984741211,108.18000030517578,108.80999755859375,108.80999755859375,1534100
2021-10-13,109.31999969482422,110.61000061035156,109.0199966430664,109.0999984741211,109.0999984741211,2151600
2021-10-14,111.08000183105469,113.0,110.69000244140625,111.56999969482422,111.56999969482422,1656000
2021-10-15,111.95999908447266,112.48999786376953,111.54000091552734,112.16000366210938,112.16000366210938,1666900
2021-10-18,110.91000366210938,111.52999877929688,109.63999938964844,111.08999633789062,111.08999633789062,1813900
2021-10-19,112.05000305175781,115.69000244140625,111.94000244140625,115.0,115.0,2154200
2021-10-20,115.75,116.26000213623047,114.33999633789062,115.5999984741211,115.5999984741211,2026600
2021-10-21,115.54000091552734,116.08000183105469,114.75,115.73999786376953,115.73999786376953,1764600
2021-10-22,115.93000030517578,116.97000122070312,115.51000213623047,116.58999633789062,116.58999633789062,1963300
2021-10-25,116.93000030517578,118.06999969482422,115.58999633789062,117.30000305175781,117.30000305175781,1876900
2021-10-26,117.69999694824219,117.83999633789062,116.36000061035156,116.98999786376953,116.98999786376953,1661700
2021-10-27,116.5999984741211,116.9000015258789,114.69000244140625,116.06999969482422,116.06999969482422,1785600
2021-10-28,110.0,116.83999633789062,110.0,116.51000213623047,116.51000213623047,4373900
2021-10-29,115.7699966430664,120.11000061035156,114.37999725341797,119.81999969482422,119.81999969482422,3340900
2021-11-01,120.41000366210938,120.62000274658203,115.23999786376953,115.55999755859375,115.55999755859375,3219700
2021-11-02,115.88999938964844,117.25,114.88999938964844,116.94000244140625,116.94000244140625,2822500
2021-11-03,117.0999984741211,117.86000061035156,115.3499984741211,117.25,117.25,2166900
2021-11-04,117.7300033569336,118.31999969482422,116.52999877929688,117.37000274658203,117.37000274658203,1724200
2021-11-05,116.62999725341797,119.08999633789062,116.4000015258789,118.6500015258789,118.6500015258789,2214500
2021-11-08,119.4000015258789,119.80000305175781,118.54000091552734,119.54000091552734,119.54000091552734,1449800
2021-11-09,119.2300033569336,120.48999786376953,118.91999816894531,120.04000091552734,120.04000091552734,1553400
2021-11-10,119.79000091552734,120.79000091552734,118.37999725341797,118.7699966430664,118.7699966430664,1665300
2021-11-11,119.0,119.16000366210938,114.04000091552734,114.30999755859375,114.30999755859375,2471200
2021-11-12,114.88999938964844,116.52999877929688,114.61000061035156,116.0,116.0,1772100
2021-11-15,116.3499984741211,117.13999938964844,115.61000061035156,116.69000244140625,116.69000244140625,1704000
2021-11-16,116.80999755859375,119.54000091552734,116.12999725341797,119.04000091552734,119.04000091552734,2285700
2021-11-17,119.08000183105469,119.5,117.23999786376953,118.3499984741211,118.3499984741211,2062300
2021-11-18,118.87999725341797,118.87999725341797,116.37999725341797,117.02999877929688,117.02999877929688,1741500
2021-11-19,117.62000274658203,117.81999969482422,116.01000213623047,117.02999877929688,117.02999877929688,2438300
2021-11-22,117.38999938964844,117.75,114.79000091552734,114.83999633789062,114.83999633789062,1848300
2021-11-23,114.13999938964844,115.0,111.30000305175781,112.62999725341797,112.62999725341797,2391800
2021-11-24,112.2300033569336,114.87000274658203,112.2300033569336,114.48999786376953,114.48999786376953,2147900
2021-11-26,114.13999938964844,114.86000061035156,109.25,109.5199966430664,109.5199966430664,2249400
2021-11-29,110.58000183105469,112.87999725341797,110.19999694824219,110.70999908447266,110.70999908447266,3791100
2021-11-30,110.05999755859375,111.55999755859375,107.12000274658203,107.30999755859375,107.30999755859375,6271400
2021-12-01,108.41000366210938,109.94999694824219,107.26000213623047,107.43000030517578,107.43000030517578,3497900
2021-12-02,107.62999725341797,110.30000305175781,107.12000274658203,109.81999969482422,109.81999969482422,2527300
2021-12-03,110.69000244140625,111.44000244140625,107.1500015258789,108.4800033569336,108.4800033569336,3146800
2021-12-06,110.5,113.0999984741211,108.79000091552734,111.95999908447266,111.95999908447266,2643600
2021-12-07,113.7699966430664,116.43000030517578,113.37000274658203,115.5199966430664,115.5199966430664,2727000
2021-12-08,116.04000091552734,119.62000274658203,115.69999694824219,119.45999908447266,119.45999908447266,3381100
2021-12-09,120.0,121.91999816894531,119.48999786376953,120.33999633789062,120.33999633789062,2841200
2021-12-10,121.48999786376953,122.33999633789062,120.55000305175781,121.83999633789062,121.83999633789062,2227600
2021-12-13,121.83000183105469,122.02999877929688,120.2699966430664,120.73999786376953,120.73999786376953,1757900
2021-12-14,119.48999786376953,119.48999786376953,115.73999786376953,116.9000015258789,116.9000015258789,2275200
2021-12-15,118.77999877929688,120.38999938964844,117.05999755859375,119.91000366210938,119.91000366210938,2531000
2021-12-16,120.62999725341797,122.5,118.87999725341797,119.56999969482422,119.56999969482422,2866600
2021-12-17,121.23999786376953,123.55999755859375,120.41999816894531,122.12000274658203,122.12000274658203,6488800
2021-12-20,120.44000244140625,120.95999908447266,117.87999725341797,120.02999877929688,120.02999877929688,3263500
2021-12-21,121.06999969482422,124.55999755859375,120.87000274658203,124.4000015258789,124.4000015258789,2223600
2021-12-22,124.19999694824219,128.02000427246094,124.19999694824219,127.83000183105469,127.83000183105469,2185700
2021-12-23,128.0,129.1199951171875,127.6500015258789,128.57000732421875,128.57000732421875,1732200
2021-12-27,129.07000732421875,130.60000610351562,128.17999267578125,130.5800018310547,130.5800018310547,1254000
2021-12-28,130.8300018310547,130.89999389648438,128.97999572753906,129.35000610351562,129.35000610351562,1298100
2021-12-29,129.6699981689453,131.19000244140625,129.60000610351562,130.63999938964844,130.63999938964844,1137400
2021-12-30,130.82000732421875,131.72999572753906,130.38999938964844,130.67999267578125,130.67999267578125,1112400
2021-12-31,130.30999755859375,130.94000244140625,129.27000427246094,129.5500030517578,129.5500030517578,1193700
2022-01-03,129.07000732421875,129.50999450683594,126.43000030517578,128.33999633789062,128.33999633789062,1765700
2022-01-04,128.3699951171875,129.52999877929688,126.94000244140625,127.88999938964844,127.88999938964844,2020300
2022-01-05,127.55000305175781,128.36000061035156,123.91999816894531,123.91999816894531,123.91999816894531,2201700
2022-01-06,124.3499984741211,125.4000015258789,122.97000122070312,123.2300033569336,123.2300033569336,2602100
2022-01-07,122.16000366210938,123.80999755859375,121.0199966430664,122.30000305175781,122.30000305175781,2172000
2022-01-10,120.52999877929688,121.22000122070312,117.72000122070312,120.12000274658203,120.12000274658203,2652600
2022-01-11,120.5999984741211,122.19000244140625,118.54000091552734,121.94000244140625,121.94000244140625,2389400
2022-01-12,121.19000244140625,123.7699966430664,121.19000244140625,122.26000213623047,122.26000213623047,2006900
2022-01-13,122.56999969482422,122.9000015258789,120.05000305175781,120.45999908447266,120.45999908447266,1696000
2022-01-14,119.44000244140625,120.20999908447266,116.69999694824219,118.26000213623047,118.26000213623047,2112800
2022-01-18,115.0,116.5199966430664,114.16999816894531,115.83000183105469,115.83000183105469,2601200
2022-01-19,116.25,118.1500015258789,115.97000122070312,116.16000366210938,116.16000366210938,2245300
2022-01-20,117.19999694824219,119.55999755859375,115.33999633789062,115.55999755859375,115.55999755859375,1825500
2022-01-21,115.5199966430664,115.55000305175781,112.2300033569336,112.6500015258789,112.6500015258789,3144900
2022-01-24,110.30000305175781,110.75,105.13999938964844,110.5999984741211,110.5999984741211,4692000
2022-01-25,107.94000244140625,111.12000274658203,106.52999877929688,109.48999786376953,109.48999786376953,3211900
2022-01-26,111.05000305175781,112.16000366210938,107.37000274658203,108.62999725341797,108.62999725341797,3144300
2022-01-27,100.0,106.04000091552734,99.62000274658203,101.95999908447266,101.95999908447266,6876000
2022-01-28,102.37000274658203,105.0199966430664,96.38999938964844,104.87000274658203,104.87000274658203,3828600
2022-01-31,105.31999969482422,109.41000366210938,105.0,109.19999694824219,109.19999694824219,3398300
2022-02-01,109.58999633789062,110.54000091552734,107.0199966430664,108.37000274658203,108.37000274658203,3731900
2022-02-02,111.79000091552734,112.98999786376953,109.7699966430664,112.83999633789062,112.83999633789062,3385300
2022-02-03,110.80000305175781,113.91000366210938,110.58999633789062,111.58999633789062,111.58999633789062,2655300
2022-02-04,110.5999984741211,113.20999908447266,110.26000213623047,112.18000030517578,112.18000030517578,2303700
2022-02-07,111.5999984741211,113.33999633789062,110.61000061035156,111.12999725341797,111.12999725341797,1833500
2022-02-08,110.3499984741211,111.80999755859375,108.83000183105469,111.41999816894531,111.41999816894531,3798300
2022-02-09,113.04000091552734,114.12000274658203,111.95999908447266,112.58999633789062,112.58999633789062,3025500
2022-02-10,110.16000366210938,112.7699966430664,110.05999755859375,110.63999938964844,110.63999938964844,2338200
2022-02-11,110.80000305175781,112.0,108.81999969482422,109.0,109.0,2797300
2022-02-14,108.33999633789062,109.4800033569336,106.41999816894531,107.7300033569336,107.7300033569336,2405100
2022-02-15,108.55000305175781,110.97000122070312,108.55000305175781,110.93000030517578,110.93000030517578,3034700
2022-02-16,110.20999908447266,111.11000061035156,108.5,110.66000366210938,110.66000366210938,2823700
2022-02-17,109.63999938964844,109.80000305175781,106.69999694824219,106.87999725341797,106.87999725341797,2269000
2022-02-18,106.66000366210938,107.2699966430664,104.91000366210938,105.62000274658203,105.62000274658203,2525600
2022-02-22,104.98999786376953,107.2699966430664,104.80999755859375,105.94000244140625,105.94000244140625,2074600
2022-02-23,106.45999908447266,107.5999984741211,105.06999969482422,105.33000183105469,105.33000183105469,2235000
2022-02-24,103.26000213623047,110.04000091552734,102.56999969482422,109.63999938964844,109.63999938964844,3112000
2022-02-25,109.58000183105469,113.11000061035156,108.55000305175781,113.02999877929688,113.02999877929688,2157300
2022-02-28,111.06999969482422,113.13999938964844,110.29000091552734,112.37000274658203,112.37000274658203,3072400
2022-03-01,112.3499984741211,112.97000122070312,110.55000305175781,111.61000061035156,111.61000061035156,2001300
2022-03-02,112.51000213623047,112.81999969482422,110.83000183105469,111.37999725341797,111.37999725341797,2486500
2022-03-03,112.30999755859375,113.4000015258789,110.31999969482422,111.9800033569336,111.9800033569336,2405400
2022-03-04,111.36000061035156,111.45999908447266,108.47000122070312,110.63999938964844,110.63999938964844,2280400
2022-03-07,110.33000183105469,110.80999755859375,107.22000122070312,108.3499984741211,108.3499984741211,1887500
2022-03-08,107.5999984741211,107.7699966430664,101.83999633789062,102.0,102.0,3553200
2022-03-09,104.91000366210938,106.37999725341797,103.2300033569336,105.91000366210938,105.91000366210938,3320800
2022-03-10,104.08999633789062,106.0,104.06999969482422,105.69999694824219,105.69999694824219,2091400
2022-03-11,106.80999755859375,106.9800033569336,103.4000015258789,103.44999694824219,103.44999694824219,2030400
2022-03-14,104.20999908447266,105.1500015258789,100.97000122070312,102.25,102.25,2391300
2022-03-15,104.70999908447266,106.22000122070312,103.83000183105469,106.1500015258789,106.1500015258789,2251100
2022-03-16,108.41999816894531,109.83999633789062,106.62000274658203,109.79000091552734,109.79000091552734,2144500
2022-03-17,109.12000274658203,112.61000061035156,109.05000305175781,112.54000091552734,112.54000091552734,1952000
2022-03-18,113.01000213623047,113.2300033569336,111.08000183105469,112.7699966430664,112.7699966430664,3975600
2022-03-21,112.0,113.41999816894531,110.4800033569336,111.55000305175781,111.55000305175781,1683200
2022-03-22,110.25,113.5,109.2699966430664,112.94999694824219,112.94999694824219,3011300
2022-03-23,110.38999938964844,111.5999984741211,106.77999877929688,107.19999694824219,107.19999694824219,2827300
2022-03-24,108.5199966430664,109.5,107.16999816894531,109.45999908447266,109.45999908447266,1833000
2022-03-25,110.30999755859375,112.44999694824219,109.83000183105469,112.37000274658203,112.37000274658203,1689900
2022-03-28,112.48999786376953,114.16000366210938,111.5,114.12999725341797,114.12999725341797,1926700
2022-03-29,115.30999755859375,116.80000305175781,114.94000244140625,116.75,116.75,2249300
2022-03-30,116.44999694824219,118.41999816894531,116.05000305175781,117.08999633789062,117.08999633789062,2099100
2022-03-31,118.0,120.43000030517578,117.30000305175781,117.72000122070312,117.72000122070312,3721700
2022-04-01,119.5,123.56999969482422,118.75,123.06999969482422,123.06999969482422,4770500
2022-04-04,122.19999694824219,123.19999694824219,118.83999633789062,120.27999877929688,120.27999877929688,2310300
2022-04-05,120.08999633789062,122.31999969482422,119.55999755859375,120.22000122070312,120.22000122070312,2225900
2022-04-06,119.30999755859375,120.69000244140625,117.1500015258789,120.36000061035156,120.36000061035156,2049200
2022-04-07,120.30000305175781,124.30000305175781,119.66999816894531,123.73999786376953,123.73999786376953,2981200
2022-04-08,123.06999969482422,125.11000061035156,122.36000061035156,123.91999816894531,123.91999816894531,2829400
2022-04-11,122.95999908447266,123.4000015258789,119.73999786376953,121.5,121.5,2501100
2022-04-12,122.29000091552734,123.98999786376953,120.05999755859375,120.83999633789062,120.83999633789062,1970300
2022-04-13,121.33000183105469,122.31999969482422,119.91000366210938,121.91000366210938,121.91000366210938,1674100
2022-04-14,122.27999877929688,122.5,119.58999633789062,120.0199966430664,120.0199966430664,2361300
2022-04-18,119.93000030517578,120.7300033569336,118.56999969482422,119.27999877929688,119.27999877929688,1541100
2022-04-19,119.43000030517578,124.93000030517578,119.43000030517578,124.5199966430664,124.5199966430664,3020600
2022-04-20,125.08999633789062,129.3300018310547,124.72000122070312,128.27000427246094,128.27000427246094,3256700
2022-04-21,129.07000732421875,131.10000610351562,125.44000244140625,125.61000061035156,125.61000061035156,3814300
2022-04-22,124.01000213623047,124.19000244140625,118.08000183105469,118.37999725341797,118.37999725341797,3237100
2022-04-25,118.0,119.9000015258789,116.63999938964844,119.80000305175781,119.80000305175781,2830300
2022-04-26,118.66999816894531,119.88999938964844,116.01000213623047,116.2699966430664,116.2699966430664,3479200
2022-04-27,114.0,115.69000244140625,109.66999816894531,109.80000305175781,109.80000305175781,6463100
2022-04-28,110.16000366210938,110.79000091552734,107.19999694824219,109.7699966430664,109.7699966430664,3281500
2022-04-29,108.66999816894531,110.0999984741211,105.38999938964844,105.77999877929688,105.77999877929688,3274700
2022-05-02,105.72000122070312,106.77999877929688,102.55999755859375,104.83000183105469,104.83000183105469,3635000
2022-05-03,105.58000183105469,106.77999877929688,105.12999725341797,105.93000030517578,105.93000030517578,3027400
2022-05-04,105.91000366210938,109.19000244140625,103.62000274658203,108.6500015258789,108.6500015258789,3081200
2022-05-05,107.88999938964844,108.69000244140625,102.08999633789062,103.36000061035156,103.36000061035156,2718000
2022-05-06,102.41000366210938,102.80999755859375,99.5,100.5199966430664,100.5199966430664,4024100
2022-05-09,98.70999908447266,99.01000213623047,93.86000061035156,94.69000244140625,94.69000244140625,4042700
2022-05-10,96.19999694824219,97.37000274658203,92.79000091552734,94.83000183105469,94.83000183105469,3035800
2022-05-11,94.54000091552734,96.8499984741211,92.95999908447266,93.2699966430664,93.2699966430664,3435100
2022-05-12,92.0,94.5999984741211,91.5199966430664,93.44000244140625,93.44000244140625,3753900
2022-05-13,95.0999984741211,98.0999984741211,95.0,97.55000305175781,97.55000305175781,2569600
2022-05-16,96.8499984741211,97.91000366210938,95.76000213623047,95.93000030517578,95.93000030517578,2385200
2022-05-17,97.5,98.12999725341797,96.37000274658203,97.38999938964844,97.38999938964844,2269600
2022-05-18,96.08999633789062,96.25,93.01000213623047,93.41000366210938,93.41000366210938,2155600
2022-05-19,92.87999725341797,95.22000122070312,92.5999984741211,94.37000274658203,94.37000274658203,2407000
2022-05-20,95.52999877929688,95.97000122070312,91.94000244140625,94.31999969482422,94.31999969482422,2956700
2022-05-23,95.5,96.81999969482422,94.22000122070312,96.12999725341797,96.12999725341797,2620000
2022-05-24,95.5199966430664,95.80000305175781,92.94999694824219,94.54000091552734,94.54000091552734,3043400
2022-05-25,94.20999908447266,97.19999694824219,93.5999984741211,96.8499984741211,96.8499984741211,3832900
2022-05-26,97.0,99.33000183105469,96.04000091552734,98.56999969482422,98.56999969482422,2995000
2022-05-27,99.70999908447266,101.29000091552734,99.20999908447266,101.12000274658203,101.12000274658203,2445400
2022-05-31,100.05999755859375,101.69000244140625,98.69999694824219,100.8499984741211,100.8499984741211,5809600
2022-06-01,101.16000366210938,101.41000366210938,96.37000274658203,97.33999633789062,97.33999633789062,2026600
2022-06-02,97.37999725341797,101.33999633789062,96.29000091552734,101.20999908447266,101.20999908447266,1601500
2022-06-03,100.0,100.20999908447266,96.37999725341797,96.7300033569336,96.7300033569336,2462700
2022-06-06,98.12999725341797,98.81999969482422,95.97000122070312,96.41000366210938,96.41000366210938,2986100
2022-06-07,96.12999725341797,97.43000030517578,95.41000366210938,97.25,97.25,1485500
2022-06-08,96.68000030517578,97.54000091552734,95.8499984741211,96.29000091552734,96.29000091552734,1996700
2022-06-09,95.55000305175781,96.36000061035156,93.5999984741211,93.63999938964844,93.63999938964844,2687400
2022-06-10,92.0,94.05000305175781,91.33999633789062,93.0,93.0,2379200
2022-06-13,90.0,90.80000305175781,88.06999969482422,88.55000305175781,88.55000305175781,2873000
2022-06-14,87.41000366210938,88.66000366210938,85.58000183105469,86.5,86.5,2965400
2022-06-15,87.80999755859375,90.06999969482422,86.75,88.77999877929688,88.77999877929688,3292900
2022-06-16,86.30000305175781,87.91999816894531,85.66999816894531,87.7300033569336,87.7300033569336,3132700
2022-06-17,88.16000366210938,90.05000305175781,87.08000183105469,87.79000091552734,87.79000091552734,3397500
2022-06-21,89.30999755859375,90.3499984741211,88.5999984741211,89.33999633789062,89.33999633789062,2179800
2022-06-22,88.72000122070312,91.94999694824219,88.5199966430664,90.79000091552734,90.79000091552734,2504600
2022-06-23,91.5999984741211,94.0,91.54000091552734,93.62000274658203,93.62000274658203,2391300
2022-06-24,94.55000305175781,97.06999969482422,93.41000366210938,96.9800033569336,96.9800033569336,3824800
2022-06-27,96.9000015258789,97.44999694824219,95.76000213623047,96.80999755859375,96.80999755859375,3995400
2022-06-28,97.2699966430664,98.25,94.61000061035156,94.7300033569336,94.7300033569336,3701800
2022-06-29,94.8499984741211,96.4000015258789,93.37000274658203,96.02999877929688,96.02999877929688,1826200
2022-06-30,94.91999816894531,96.13999938964844,93.81999969482422,95.08999633789062,95.08999633789062,2448300
2022-07-01,94.91999816894531,97.70999908447266,94.76000213623047,97.38999938964844,97.38999938964844,2081200
2022-07-05,96.01000213623047,98.01000213623047,94.81999969482422,97.97000122070312,97.97000122070312,2097400
2022-07-06,98.0,98.8499984741211,96.58000183105469,97.9800033569336,97.9800033569336,2083900
2022-07-07,97.76000213623047,98.75,97.16999816894531,98.43000030517578,98.43000030517578,1906800
2022-07-08,97.5999984741211,99.12000274658203,97.05999755859375,98.38999938964844,98.38999938964844,1562800
2022-07-11,97.33000183105469,97.80000305175781,96.47000122070312,96.87999725341797,96.87999725341797,1973100
2022-07-12,97.08000183105469,98.62999725341797,95.91000366210938,96.33999633789062,96.33999633789062,2616200
2022-07-13,94.44000244140625,97.2699966430664,93.80000305175781,95.93000030517578,95.93000030517578,1765200
2022-07-14,94.43000030517578,97.1500015258789,94.0999984741211,96.91000366210938,96.91000366210938,2096800
2022-07-15,98.51000213623047,99.94000244140625,98.23999786376953,99.43000030517578,99.43000030517578,1943800
2022-07-18,99.58000183105469,100.41000366210938,97.05999755859375,97.44999694824219,97.44999694824219,1658100
2022-07-19,99.04000091552734,101.41999816894531,98.5,101.23999786376953,101.23999786376953,2364000
2022-07-20,101.26000213623047,103.12000274658203,100.79000091552734,101.52999877929688,101.52999877929688,2328800
2022-07-21,102.12000274658203,104.19000244140625,101.63999938964844,103.7699966430664,103.7699966430664,2569400
2022-07-22,103.19999694824219,104.8499984741211,101.72000122070312,102.58000183105469,102.58000183105469,2535000
2022-07-25,102.55000305175781,102.86000061035156,101.08000183105469,102.08999633789062,102.08999633789062,2182800
2022-07-26,102.19000244140625,102.5,101.29000091552734,102.12999725341797,102.12999725341797,1981400
2022-07-27,103.66999816894531,106.1500015258789,103.41999816894531,105.61000061035156,105.61000061035156,2557300
2022-07-28,105.80000305175781,107.91999816894531,103.7300033569336,107.29000091552734,107.29000091552734,3032100
2022-07-29,100.04000091552734,101.9800033569336,98.66999816894531,100.54000091552734,100.54000091552734,7246600
2022-08-01,99.80999755859375,100.7300033569336,99.13999938964844,99.44999694824219,99.44999694824219,2992000
2022-08-02,99.0,103.44999694824219,98.9000015258789,102.22000122070312,102.22000122070312,2410200
2022-08-03,102.20999908447266,104.05999755859375,101.22000122070312,103.44999694824219,103.44999694824219,1896200
2022-08-04,103.68000030517578,104.87999725341797,102.94999694824219,104.8499984741211,104.8499984741211,1849300
2022-08-05,103.66000366210938,106.26000213623047,103.47000122070312,106.12000274658203,106.12000274658203,2033400
2022-08-08,106.80999755859375,107.18000030517578,104.9000015258789,105.45999908447266,105.45999908447266,1914400
2022-08-09,105.01000213623047,105.2699966430664,101.23999786376953,101.44000244140625,101.44000244140625,2802900
2022-08-10,103.55000305175781,103.9800033569336,102.4000015258789,103.86000061035156,103.86000061035156,1979700
2022-08-11,104.54000091552734,105.79000091552734,103.58000183105469,103.91999816894531,103.91999816894531,1800100
2022-08-12,104.16000366210938,104.94000244140625,103.12000274658203,104.80000305175781,104.80000305175781,1609600
2022-08-15,104.5199966430664,105.44999694824219,103.33999633789062,104.73999786376953,104.73999786376953,2183600
2022-08-16,104.06999969482422,104.12999725341797,101.9000015258789,102.27999877929688,102.27999877929688,2969700
2022-08-17,101.44999694824219,102.12000274658203,100.2300033569336,100.52999877929688,100.52999877929688,2787800
2022-08-18,100.41999816894531,100.56999969482422,98.30999755859375,99.51000213623047,99.51000213623047,2320700
2022-08-19,99.22000122070312,99.4000015258789,97.62000274658203,98.55000305175781,98.55000305175781,2610600
2022-08-22,97.16000366210938,98.22000122070312,95.5199966430664,95.87000274658203,95.87000274658203,2073200
2022-08-23,95.30000305175781,95.30000305175781,93.56999969482422,94.1500015258789,94.1500015258789,2289500
2022-08-24,94.81999969482422,95.58999633789062,93.5,94.95999908447266,94.95999908447266,2546500
2022-08-25,95.9800033569336,96.66999816894531,95.12999725341797,96.6500015258789,96.6500015258789,1753200
2022-08-26,95.98999786376953,96.33999633789062,91.08000183105469,91.23999786376953,91.23999786376953,2210300
2022-08-29,90.2699966430664,90.76000213623047,89.43000030517578,90.36000061035156,90.36000061035156,2607300
2022-08-30,91.36000061035156,91.93000030517578,89.77999877929688,90.43000030517578,90.43000030517578,2900600
2022-08-31,91.45999908447266,92.16000366210938,90.05999755859375,90.0999984741211,90.0999984741211,2786700
2022-09-01,89.4000015258789,90.22000122070312,87.94000244140625,90.12000274658203,90.12000274658203,4041300
2022-09-02,91.23999786376953,91.33999633789062,88.11000061035156,88.69000244140625,88.69000244140625,1920400
2022-09-06,89.0,89.77999877929688,88.23999786376953,89.05999755859375,89.05999755859375,2172700
2022-09-07,88.87999725341797,92.29000091552734,88.87999725341797,91.9800033569336,91.9800033569336,3119200
2022-09-08,90.94000244140625,95.55999755859375,90.88999938964844,95.5199966430664,95.5199966430664,4008200
2022-09-09,95.73999786376953,97.73999786376953,95.0,97.25,97.25,2867300
2022-09-12,97.54000091552734,98.08999633789062,96.86000061035156,97.36000061035156,97.36000061035156,2723100
2022-09-13,94.93000030517578,95.58000183105469,94.04000091552734,94.27999877929688,94.27999877929688,2177900
2022-09-14,94.30000305175781,94.9000015258789,93.19999694824219,94.12000274658203,94.12000274658203,1627400
2022-09-15,94.68000030517578,98.3499984741211,94.4000015258789,94.87999725341797,94.87999725341797,2570300
2022-09-16,94.0999984741211,94.0999984741211,91.94999694824219,93.3499984741211,93.3499984741211,3344300
2022-09-19,92.43000030517578,92.6500015258789,88.0,88.83000183105469,88.83000183105469,4470300
2022-09-20,88.0,88.58999633789062,86.19000244140625,87.19000244140625,87.19000244140625,3732000
2022-09-21,87.33000183105469,88.68000030517578,85.18000030517578,85.22000122070312,85.22000122070312,2167400
2022-09-22,84.8499984741211,85.37999725341797,83.41999816894531,84.16999816894531,84.16999816894531,2751200
2022-09-23,83.83000183105469,84.86000061035156,82.91999816894531,84.73999786376953,84.73999786376953,3318600
2022-09-26,84.08999633789062,85.12000274658203,83.30999755859375,83.58999633789062,83.58999633789062,2030200
2022-09-27,84.33999633789062,84.5999984741211,81.87000274658203,82.37000274658203,82.37000274658203,3106300
2022-09-28,82.70999908447266,84.6500015258789,82.0199966430664,84.23999786376953,84.23999786376953,2874100
2022-09-29,83.47000122070312,84.43000030517578,82.79000091552734,83.83000183105469,83.83000183105469,2659600
2022-09-30,84.0,85.83999633789062,82.5,82.62999725341797,82.62999725341797,2726000
2022-10-03,83.6500015258789,86.01000213623047,83.1500015258789,85.45999908447266,85.45999908447266,2178100
2022-10-04,86.94999694824219,88.4000015258789,86.58000183105469,87.18000030517578,87.18000030517578,2391000
2022-10-05,85.91000366210938,87.88999938964844,85.63999938964844,87.44000244140625,87.44000244140625,2971500
2022-10-06,86.86000061035156,88.08999633789062,86.30000305175781,86.4800033569336,86.4800033569336,2170200
2022-10-07,85.56999969482422,85.7300033569336,83.66000366210938,84.2300033569336,84.2300033569336,2294200
2022-10-10,84.9000015258789,85.0,82.4000015258789,82.75,82.75,1666800
2022-10-11,82.12000274658203,83.08999633789062,80.9000015258789,82.1500015258789,82.1500015258789,2318000
2022-10-12,83.06999969482422,84.1500015258789,82.16000366210938,82.6500015258789,82.6500015258789,2487700
2022-10-13,80.83000183105469,85.0,80.69000244140625,84.22000122070312,84.22000122070312,2564700
2022-10-14,84.7699966430664,85.80000305175781,81.8499984741211,82.41999816894531,82.41999816894531,2354600
2022-10-17,83.79000091552734,85.76000213623047,83.18000030517578,85.48999786376953,85.48999786376953,3224800
2022-10-18,87.55999755859375,88.48999786376953,85.69999694824219,86.26000213623047,86.26000213623047,2977200
2022-10-19,85.5199966430664,86.7699966430664,85.0,85.94999694824219,85.94999694824219,2000800
2022-10-20,85.72000122070312,86.05999755859375,83.41000366210938,83.68000030517578,83.68000030517578,3838700
2022-10-21,83.81999969482422,85.08000183105469,82.13999938964844,84.80999755859375,84.80999755859375,4236900
2022-10-24,85.70999908447266,86.20999908447266,84.61000061035156,84.91000366210938,84.91000366210938,3569600
2022-10-25,85.05000305175781,86.55999755859375,85.0,85.69999694824219,85.69999694824219,6208000
2022-10-26,86.33999633789062,89.16999816894531,85.91000366210938,86.76000213623047,86.76000213623047,4502500
2022-10-27,87.12999725341797,87.31999969482422,84.56999969482422,86.30000305175781,86.30000305175781,4338700
2022-10-28,72.61000061035156,74.0,69.69999694824219,70.87000274658203,70.87000274658203,18719700
2022-10-31,70.5,73.04000091552734,70.19999694824219,72.43000030517578,72.43000030517578,8015400
2022-11-01,73.36000061035156,74.05000305175781,70.8499984741211,72.58999633789062,72.58999633789062,7691200
2022-11-02,72.58999633789062,73.87000274658203,70.30000305175781,70.30999755859375,70.30999755859375,11860500
2022-11-03,69.51000213623047,69.80000305175781,68.02999877929688,68.66000366210938,68.66000366210938,12897400
2022-11-04,69.86000061035156,69.9800033569336,67.37000274658203,68.54000091552734,68.54000091552734,6172600
2022-11-07,69.02999877929688,70.12000274658203,68.2300033569336,68.7699966430664,68.7699966430664,5785200
2022-11-08,68.45999908447266,69.95999908447266,67.12999725341797,69.69000244140625,69.69000244140625,12586400
2022-11-09,69.55000305175781,71.4800033569336,69.23999786376953,69.98999786376953,69.98999786376953,10835800
2022-11-10,72.70999908447266,73.66000366210938,71.08000183105469,72.55000305175781,72.55000305175781,4030700
2022-11-11,73.38999938964844,75.80000305175781,73.19999694824219,74.6500015258789,74.6500015258789,4984500
2022-11-14,74.38999938964844,75.55999755859375,73.38999938964844,73.51000213623047,73.51000213623047,4636500
2022-11-15,74.18000030517578,76.44999694824219,74.18000030517578,75.95999908447266,75.95999908447266,7599600
2022-11-16,76.0999984741211,76.80999755859375,74.87999725341797,75.02999877929688,75.02999877929688,5152000
2022-11-17,74.1500015258789,74.4000015258789,73.43000030517578,73.72000122070312,73.72000122070312,3413000
2022-11-18,74.91000366210938,75.5,74.44999694824219,75.04000091552734,75.04000091552734,3519700
2022-11-21,74.18000030517578,74.7699966430664,73.9000015258789,74.0999984741211,74.0999984741211,6162800
2022-11-22,74.0,74.5999984741211,72.91999816894531,74.30999755859375,74.30999755859375,3982000
2022-11-23,74.61000061035156,76.19000244140625,74.55000305175781,75.91000366210938,75.91000366210938,3466300
2022-11-25,75.94999694824219,76.47000122070312,75.56999969482422,76.36000061035156,76.36000061035156,1566800
2022-11-28,75.70999908447266,76.66000366210938,75.29000091552734,75.77999877929688,75.77999877929688,3643300
2022-11-29,76.02999877929688,76.61000061035156,74.66000366210938,74.8499984741211,74.8499984741211,6380200
2022-11-30,75.36000061035156,77.25,74.37999725341797,77.25,77.25,7007400
2022-12-01,78.0,78.54000091552734,77.04000091552734,77.55999755859375,77.55999755859375,4397900
2022-12-02,76.41999816894531,76.9800033569336,75.0199966430664,76.55000305175781,76.55000305175781,3156800
2022-12-05,75.72000122070312,76.13999938964844,73.77999877929688,73.8499984741211,73.8499984741211,11782400
2022-12-06,72.3499984741211,72.91999816894531,71.75,72.2699966430664,72.2699966430664,7374400
2022-12-07,72.2300033569336,73.05000305175781,72.04000091552734,72.58000183105469,72.58000183105469,7678800
2022-12-08,73.6500015258789,73.80999755859375,71.0199966430664,72.4800033569336,72.4800033569336,7249800
2022-12-09,72.22000122070312,74.51000213623047,72.02999877929688,74.01000213623047,74.01000213623047,6135100
2022-12-12,74.31999969482422,75.95999908447266,74.0,75.31999969482422,75.31999969482422,4783400
2022-12-13,76.9000015258789,77.66000366210938,74.80000305175781,75.95999908447266,75.95999908447266,4041900
2022-12-14,75.94999694824219,77.58000183105469,75.38999938964844,75.81999969482422,75.81999969482422,5055800
2022-12-15,74.80000305175781,75.45999908447266,73.36000061035156,73.55000305175781,73.55000305175781,5150700
2022-12-16,73.41000366210938,73.62999725341797,72.56999969482422,73.01000213623047,73.01000213623047,9059600
2022-12-19,72.80000305175781,74.12000274658203,72.25,73.43000030517578,73.43000030517578,3757700
2022-12-20,73.0199966430664,74.48999786376953,72.94999694824219,73.41999816894531,73.41999816894531,4066200
2022-12-21,73.73999786376953,75.19000244140625,73.51000213623047,74.76000213623047,74.76000213623047,3616400
2022-12-22,74.37000274658203,74.70999908447266,72.91999816894531,74.44999694824219,74.44999694824219,4005300
2022-12-23,74.0,74.68000030517578,73.51000213623047,74.19000244140625,74.19000244140625,2304600
2022-12-27,73.70999908447266,74.37000274658203,72.61000061035156,73.58999633789062,73.58999633789062,2050900
2022-12-28,73.94999694824219,74.5199966430664,73.08999633789062,73.11000061035156,73.11000061035156,1793700
2022-12-29,73.86000061035156,75.43000030517578,73.4800033569336,75.20999908447266,75.20999908447266,3683100
2022-12-30,74.58000183105469,74.93000030517578,73.47000122070312,74.61000061035156,74.61000061035156,2378700
2023-01-03,76.01000213623047,76.94000244140625,73.94999694824219,74.2699966430664,74.2699966430664,3197700
2023-01-04,75.12999725341797,76.55000305175781,74.5199966430664,76.47000122070312,76.47000122070312,3071100
2023-01-05,76.0999984741211,76.4800033569336,75.02999877929688,75.18000030517578,75.18000030517578,2691900
2023-01-06,75.87000274658203,77.12999725341797,74.25,77.01000213623047,77.01000213623047,3610400
2023-01-09,77.5,78.26000213623047,76.33000183105469,76.3499984741211,76.3499984741211,3316500
2023-01-10,76.33999633789062,77.55000305175781,76.08999633789062,77.0199966430664,77.0199966430664,3267500
2023-01-11,78.11000061035156,78.5,76.69000244140625,77.70999908447266,77.70999908447266,4227800
2023-01-12,78.16999816894531,78.48999786376953,76.77999877929688,77.75,77.75,2815300
2023-01-13,77.44000244140625,78.41999816894531,77.44000244140625,78.30999755859375,78.30999755859375,2031900
2023-01-17,78.0,78.98999786376953,77.5,78.86000061035156,78.86000061035156,3689200
2023-01-18,79.0,79.44999694824219,78.1500015258789,78.30999755859375,78.30999755859375,2929500
2023-01-19,77.87000274658203,78.93000030517578,77.30999755859375,78.47000122070312,78.47000122070312,2980200
2023-01-20,78.91000366210938,79.44000244140625,77.69000244140625,79.29000091552734,79.29000091552734,2887600
2023-01-23,79.33999633789062,80.77999877929688,78.98999786376953,80.05999755859375,80.05999755859375,2349800
2023-01-24,79.47000122070312,80.11000061035156,77.02999877929688,77.11000061035156,77.11000061035156,2435000
2023-01-25,76.12999725341797,77.73999786376953,75.55999755859375,77.69000244140625,77.69000244140625,2593200
2023-01-26,78.5,78.55000305175781,77.29000091552734,78.20999908447266,78.20999908447266,2360400
2023-01-27,78.37999725341797,78.83999633789062,77.80999755859375,78.13999938964844,78.13999938964844,2623100
2023-01-30,76.4800033569336,77.61000061035156,75.88999938964844,76.05999755859375,76.05999755859375,3418500
2023-01-31,74.97000122070312,76.8499984741211,74.95999908447266,76.69999694824219,76.69999694824219,6280400
2023-02-01,79.11000061035156,81.54000091552734,77.76000213623047,81.4800033569336,81.4800033569336,7456600
2023-02-02,82.05999755859375,84.8499984741211,81.75,84.51000213623047,84.51000213623047,5586800
2023-02-03,83.5199966430664,84.13999938964844,81.38999938964844,82.12000274658203,82.12000274658203,4743800
2023-02-06,80.75,81.06999969482422,78.69000244140625,79.08999633789062,79.08999633789062,3999300
2023-02-07,79.12000274658203,80.2300033569336,78.66000366210938,80.04000091552734,80.04000091552734,3593800
2023-02-08,79.86000061035156,80.05000305175781,77.98999786376953,78.08000183105469,78.08000183105469,3762700
2023-02-09,78.01000213623047,78.94999694824219,77.16999816894531,77.27999877929688,77.27999877929688,3781900
2023-02-10,76.97000122070312,78.02999877929688,76.80000305175781,77.19999694824219,77.19999694824219,2597600
2023-02-13,77.55000305175781,77.93000030517578,76.87999725341797,77.61000061035156,77.61000061035156,1989500
2023-02-14,77.62999725341797,78.13999938964844,76.27999877929688,76.58999633789062,76.58999633789062,2914000
2023-02-15,76.01000213623047,77.94999694824219,76.01000213623047,77.91999816894531,77.91999816894531,2078700
2023-02-16,76.58999633789062,78.31999969482422,76.41999816894531,77.27999877929688,77.27999877929688,2610100
2023-02-17,76.41000366210938,78.56999969482422,76.18000030517578,78.51000213623047,78.51000213623047,3817100
2023-02-21,77.79000091552734,77.8499984741211,75.33000183105469,75.55000305175781,75.55000305175781,4025700
2023-02-22,75.58000183105469,76.55999755859375,75.3499984741211,75.43000030517578,75.43000030517578,4271700
2023-02-23,76.04000091552734,77.66999816894531,75.58000183105469,77.58000183105469,77.58000183105469,3207000
2023-02-24,76.95999908447266,77.29000091552734,75.87000274658203,76.25,76.25,3388500
2023-02-27,76.98999786376953,78.36000061035156,76.80999755859375,77.33999633789062,77.33999633789062,3437300
2023-02-28,77.11000061035156,80.9800033569336,77.11000061035156,80.44000244140625,80.44000244140625,5902100
2023-03-01,80.08000183105469,80.08000183105469,78.69000244140625,79.8499984741211,79.8499984741211,4022700
2023-03-02,79.0999984741211,80.86000061035156,79.0,80.2300033569336,80.2300033569336,3525300
2023-03-03,81.16999816894531,82.16000366210938,80.76000213623047,81.91999816894531,81.91999816894531,2598700
2023-03-06,81.2699966430664,81.33999633789062,78.58000183105469,78.80000305175781,78.80000305175781,4371600
2023-03-07,78.8499984741211,80.01000213623047,78.76000213623047,78.91999816894531,78.91999816894531,3494800
2023-03-08,77.13999938964844,77.5,76.11000061035156,77.2699966430664,77.2699966430664,3318600
2023-03-09,77.80999755859375,78.12999725341797,75.94999694824219,76.02999877929688,76.02999877929688,2490800
2023-03-10,76.1500015258789,76.1500015258789,74.04000091552734,74.33999633789062,74.33999633789062,4097600
2023-03-13,74.25,77.02999877929688,73.54000091552734,76.62000274658203,76.62000274658203,5851700
2023-03-14,77.87000274658203,78.25,76.5999984741211,78.19999694824219,78.19999694824219,8343600
2023-03-15,77.45999908447266,79.54000091552734,77.0,79.4800033569336,79.4800033569336,3695200
2023-03-16,78.87000274658203,82.25,78.55999755859375,81.91000366210938,81.91000366210938,4780400
2023-03-17,82.69999694824219,82.69999694824219,80.27999877929688,80.73999786376953,80.73999786376953,4710200
2023-03-20,80.62999725341797,81.70999908447266,80.0199966430664,81.08000183105469,81.08000183105469,3866800
2023-03-21,81.26000213623047,82.45999908447266,81.02999877929688,81.7300033569336,81.7300033569336,4227400
2023-03-22,81.76000213623047,81.88999938964844,79.37999725341797,79.41000366210938,79.41000366210938,3259300
2023-03-23,79.98999786376953,81.16000366210938,78.87999725341797,79.55000305175781,79.55000305175781,2701300
2023-03-24,79.55000305175781,81.0199966430664,79.37000274658203,80.76000213623047,80.76000213623047,2759100
2023-03-27,81.45999908447266,82.19999694824219,80.73999786376953,80.91999816894531,80.91999816894531,3149800
2023-03-28,80.75,81.47000122070312,80.18000030517578,80.48999786376953,80.48999786376953,3092000
2023-03-29,81.0,81.66000366210938,80.8499984741211,81.63999938964844,81.63999938964844,2197000
2023-03-30,82.4800033569336,82.5999984741211,81.05000305175781,81.56999969482422,81.56999969482422,1701400
2023-03-31,82.04000091552734,82.77999877929688,81.38999938964844,82.7300033569336,82.7300033569336,2878700
2023-04-03,82.30999755859375,82.7300033569336,81.63999938964844,82.16999816894531,82.16999816894531,2295000
2023-04-04,82.48999786376953,83.58999633789062,82.18000030517578,83.19999694824219,83.19999694824219,2777800
2023-04-05,83.5199966430664,83.62999725341797,82.76000213623047,83.44999694824219,83.44999694824219,2375100
2023-04-06,83.41999816894531,83.91999816894531,82.7699966430664,83.87999725341797,83.87999725341797,1594900
2023-04-10,83.33000183105469,83.33000183105469,81.77999877929688,82.75,82.75,2256900
2023-04-11,82.63999938964844,83.16999816894531,82.05000305175781,82.19999694824219,82.19999694824219,2341400
2023-04-12,82.63999938964844,83.75,82.20999908447266,82.91999816894531,82.91999816894531,3015300
2023-04-13,83.37000274658203,84.70999908447266,82.94000244140625,84.66000366210938,84.66000366210938,2011000
2023-04-14,84.3499984741211,84.94000244140625,83.41999816894531,84.36000061035156,84.36000061035156,2487300
2023-04-17,84.70999908447266,84.8499984741211,83.44999694824219,84.05000305175781,84.05000305175781,1636900
2023-04-18,84.56999969482422,84.56999969482422,83.75,84.3499984741211,84.3499984741211,2008700
2023-04-19,84.94999694824219,87.0999984741211,84.69999694824219,86.5,86.5,5562800
2023-04-20,86.55000305175781,87.08000183105469,85.3499984741211,85.7300033569336,85.7300033569336,4271300
2023-04-21,86.25,87.0,85.9800033569336,86.54000091552734,86.54000091552734,2736700
2023-04-24,87.0,88.83999633789062,86.88999938964844,88.79000091552734,88.79000091552734,4105000
2023-04-25,88.47000122070312,88.8499984741211,87.6500015258789,87.7699966430664,87.7699966430664,3148700
2023-04-26,87.73999786376953,87.98999786376953,86.91000366210938,87.41000366210938,87.41000366210938,3089800
2023-04-27,85.0,87.06999969482422,83.0,86.72000122070312,86.72000122070312,3983100
2023-04-28,87.19999694824219,88.54000091552734,86.66999816894531,87.9800033569336,87.9800033569336,3305900
2023-05-01,87.5199966430664,88.33999633789062,86.87000274658203,87.55000305175781,87.55000305175781,2204000
2023-05-02,87.98999786376953,88.88999938964844,87.41999816894531,87.80999755859375,87.80999755859375,3085900
2023-05-03,88.69000244140625,89.26000213623047,87.93000030517578,88.0999984741211,88.0999984741211,2153800
2023-05-04,87.5,88.68000030517578,87.26000213623047,87.9000015258789,87.9000015258789,1797700
2023-05-05,88.51000213623047,88.8499984741211,87.79000091552734,88.73999786376953,88.73999786376953,1567400
2023-05-08,88.22000122070312,89.18000030517578,87.94999694824219,89.0199966430664,89.0199966430664,2148200
2023-05-09,88.68000030517578,89.16999816894531,88.3499984741211,88.69999694824219,88.69999694824219,1585300
2023-05-10,89.22000122070312,89.58000183105469,87.80000305175781,88.8499984741211,88.8499984741211,2398300
2023-05-11,89.05000305175781,89.3499984741211,88.2300033569336,88.77999877929688,88.77999877929688,1744500
2023-05-12,88.73999786376953,89.25,88.38999938964844,89.18000030517578,89.18000030517578,1565400
2023-05-15,89.12000274658203,89.72000122070312,88.51000213623047,88.91999816894531,88.91999816894531,2291500
2023-05-16,88.79000091552734,89.12000274658203,88.43000030517578,88.66000366210938,88.66000366210938,1407900
2023-05-17,88.69999694824219,88.95999908447266,86.26000213623047,87.66000366210938,87.66000366210938,2414100
2023-05-18,87.94000244140625,88.13999938964844,86.58999633789062,87.41000366210938,87.41000366210938,2893900
2023-05-19,87.76000213623047,88.30999755859375,87.19999694824219,87.93000030517578,87.93000030517578,3004300
2023-05-22,87.81999969482422,89.4000015258789,87.63999938964844,89.16000366210938,89.16000366210938,1812300
2023-05-23,88.5199966430664,89.13999938964844,84.05000305175781,84.73999786376953,84.73999786376953,3061600
2023-05-24,84.2300033569336,84.44000244140625,83.58000183105469,83.83999633789062,83.83999633789062,2012600
2023-05-25,84.0,84.01000213623047,80.94000244140625,81.6500015258789,81.6500015258789,3438800
2023-05-26,81.54000091552734,82.0999984741211,81.30000305175781,82.01000213623047,82.01000213623047,2308600
2023-05-30,82.20999908447266,82.30000305175781,81.02999877929688,81.41000366210938,81.41000366210938,2768500
2023-05-31,81.88999938964844,84.72000122070312,81.30000305175781,84.2300033569336,84.2300033569336,6117600
2023-06-01,84.05999755859375,85.23999786376953,82.9800033569336,85.2300033569336,85.2300033569336,2548500
2023-06-02,85.62000274658203,85.87999725341797,84.80000305175781,85.33999633789062,85.33999633789062,2042800
2023-06-05,84.94000244140625,85.97000122070312,84.94000244140625,85.94000244140625,85.94000244140625,1695500
2023-06-06,86.43000030517578,86.76000213623047,84.8499984741211,85.18000030517578,85.18000030517578,1782300
2023-06-07,85.36000061035156,85.47000122070312,82.69000244140625,83.4800033569336,83.4800033569336,2255200
2023-06-08,83.4800033569336,84.31999969482422,83.04000091552734,83.95999908447266,83.95999908447266,1562300
2023-06-09,84.55000305175781,84.55000305175781,83.23999786376953,84.0999984741211,84.0999984741211,2150000
2023-06-12,83.79000091552734,85.79000091552734,83.61000061035156,85.56999969482422,85.56999969482422,2581900
2023-06-13,85.75,87.5,85.72000122070312,87.4000015258789,87.4000015258789,2615200
2023-06-14,89.7699966430664,92.48999786376953,89.4000015258789,90.52999877929688,90.52999877929688,5316900
2023-06-15,90.19999694824219,91.63999938964844,89.12999725341797,91.29000091552734,91.29000091552734,3577700
2023-06-16,91.9800033569336,92.93000030517578,91.62000274658203,91.94000244140625,91.94000244140625,6597700
2023-06-20,90.06999969482422,92.05999755859375,89.56999969482422,91.91000366210938,91.91000366210938,2694500
