Date,Open,High,Low,Close,Adj Close,Volume
2020-01-02,19.43000030517578,19.440000534057617,18.8700008392334,19.079999923706055,16.15273666381836,3998300
2020-01-03,18.780000686645508,18.850000381469727,18.5,18.65999984741211,15.7971773147583,3206800
2020-01-06,18.520000457763672,18.93000030517578,18.440000534057617,18.899999618530273,16.000354766845703,3492000
2020-01-07,18.950000762939453,19.149999618530273,18.729999542236328,19.0,16.08501434326172,3362600
2020-01-08,19.06999969482422,19.270000457763672,18.950000762939453,19.200000762939453,16.254329681396484,2967000
2020-01-09,19.309999465942383,19.31999969482422,19.049999237060547,19.15999984741211,16.22046661376953,3903500
2020-01-10,19.229999542236328,19.350000381469727,19.1200008392334,19.239999771118164,16.28819465637207,2339300
2020-01-13,19.309999465942383,19.600000381469727,19.040000915527344,19.56999969482422,16.56756591796875,2514100
2020-01-14,19.520000457763672,20.049999237060547,19.399999618530273,19.979999542236328,16.914661407470703,3991600
2020-01-15,19.8799991607666,20.219999313354492,19.739999771118164,19.81999969482422,16.779211044311523,3610900
2020-01-16,20.040000915527344,20.229999542236328,19.8799991607666,20.209999084472656,17.109376907348633,2708400
2020-01-17,20.299999237060547,20.489999771118164,20.190000534057617,20.260000228881836,17.151704788208008,2712600
2020-01-21,19.530000686645508,20.079999923706055,19.530000686645508,20.049999237060547,16.973920822143555,3623700
2020-01-22,20.059999465942383,20.229999542236328,20.030000686645508,20.09000015258789,17.007787704467773,1803400
2020-01-23,19.979999542236328,20.229999542236328,19.649999618530273,20.15999984741211,17.067049026489258,1845200
2020-01-24,20.110000610351562,20.18000030517578,19.729999542236328,19.889999389648438,16.838468551635742,1479300
2020-01-27,19.399999618530273,19.81999969482422,19.350000381469727,19.600000381469727,16.592966079711914,2902100
2020-01-28,19.739999771118164,20.1299991607666,19.5,20.100000381469727,17.016252517700195,3021800
2020-01-29,20.209999084472656,20.239999771118164,19.84000015258789,19.860000610351562,16.813072204589844,2448300
2020-01-30,19.790000915527344,20.010000228881836,19.559999465942383,20.0,16.93159294128418,2422900
2020-01-31,19.979999542236328,20.0,19.40999984741211,19.530000686645508,16.533702850341797,5176300
2020-02-03,19.6200008392334,20.010000228881836,19.559999465942383,19.709999084472656,16.686080932617188,2841400
2020-02-04,19.989999771118164,20.079999923706055,19.799999237060547,19.90999984741211,16.85540199279785,3584400
2020-02-05,20.139999389648438,20.540000915527344,20.049999237060547,20.530000686645508,17.380281448364258,3676000
2020-02-06,20.68000030517578,20.799999237060547,20.15999984741211,20.219999313354492,17.117841720581055,2370100
2020-02-07,20.110000610351562,20.139999389648438,19.829999923706055,20.059999465942383,16.982389450073242,2763000
2020-02-10,19.93000030517578,20.200000762939453,19.850000381469727,20.190000534057617,17.092443466186523,2880500
2020-02-11,20.209999084472656,20.34000015258789,20.079999923706055,20.170000076293945,17.07551383972168,2340300
2020-02-12,20.229999542236328,20.360000610351562,19.65999984741211,19.690000534057617,16.669157028198242,3684600
2020-02-13,19.649999618530273,19.90999984741211,19.459999084472656,19.520000457763672,16.525236129760742,4622500
2020-02-14,18.93000030517578,20.690000534057617,18.549999237060547,20.100000381469727,17.016252517700195,7850400
2020-02-18,20.030000686645508,20.459999084472656,19.709999084472656,20.020000457763672,16.948528289794922,3006700
2020-02-19,20.09000015258789,20.270000457763672,19.799999237060547,19.899999618530273,16.846933364868164,2647800
2020-02-20,19.829999923706055,20.219999313354492,19.780000686645508,19.889999389648438,16.838468551635742,3323000
2020-02-21,19.75,19.8799991607666,19.209999084472656,19.229999542236328,16.279722213745117,2779900
2020-02-24,18.700000762939453,18.770000457763672,18.1200008392334,18.239999771118164,15.441614151000977,5676800
2020-02-25,18.280000686645508,18.450000762939453,16.979999542236328,17.030000686645508,14.417252540588379,7006300
2020-02-26,17.1200008392334,17.329999923706055,16.56999969482422,16.59000015258789,14.044757843017578,4196000
2020-02-27,15.970000267028809,16.530000686645508,15.239999771118164,15.239999771118164,13.083256721496582,7236800
2020-02-28,14.75,15.5,14.5,15.430000305175781,13.246370315551758,9330100
2020-03-02,15.510000228881836,16.479999542236328,15.369999885559082,16.450000762939453,14.122021675109863,7320500
2020-03-03,16.229999542236328,16.770000457763672,15.270000457763672,15.470000267028809,13.280709266662598,5033000
2020-03-04,15.729999542236328,15.779999732971191,14.989999771118164,15.329999923706055,13.160523414611816,3925400
2020-03-05,14.770000457763672,14.869999885559082,14.079999923706055,14.1899995803833,12.181852340698242,4593000
2020-03-06,13.920000076293945,14.489999771118164,13.640000343322754,13.979999542236328,12.001570701599121,5553800
2020-03-09,13.0,13.84000015258789,12.5,13.680000305175781,11.744027137756348,6973900
2020-03-10,14.3100004196167,14.619999885559082,13.369999885559082,13.789999961853027,11.838459968566895,8180500
2020-03-11,13.260000228881836,13.890000343322754,13.15999984741211,13.630000114440918,11.701102256774902,9536700
2020-03-12,12.699999809265137,12.960000038146973,11.260000228881836,11.300000190734863,9.700841903686523,6619200
2020-03-13,11.960000038146973,12.970000267028809,11.449999809265137,12.960000038146973,11.125920295715332,6614000
2020-03-16,11.699999809265137,12.890000343322754,11.5600004196167,12.279999732971191,10.542152404785156,5681000
2020-03-17,12.890000343322754,13.8100004196167,11.90999984741211,13.260000228881836,11.383464813232422,6087400
2020-03-18,12.399999618530273,12.720000267028809,11.199999809265137,12.15999984741211,10.439133644104004,6415700
2020-03-19,11.90999984741211,12.84000015258789,11.100000381469727,12.430000305175781,10.670926094055176,4304100
2020-03-20,12.390000343322754,12.430000305175781,11.390000343322754,11.420000076293945,9.80385971069336,6597700
2020-03-23,11.430000305175781,11.720000267028809,10.4399995803833,10.550000190734863,9.056979179382324,5432000
2020-03-24,11.199999809265137,12.520000457763672,11.1899995803833,12.460000038146973,10.69667911529541,6163500
2020-03-25,12.630000114440918,13.289999961853027,11.829999923706055,12.760000228881836,10.954225540161133,5181700
2020-03-26,12.979999542236328,14.220000267028809,12.729999542236328,14.109999656677246,12.113173484802246,4452300
2020-03-27,13.399999618530273,14.34000015258789,13.180000305175781,13.609999656677246,11.683934211730957,4094700
2020-03-30,13.59000015258789,13.850000381469727,13.4399995803833,13.640000343322754,11.709688186645508,4105100
2020-03-31,13.5,13.770000457763672,12.930000305175781,13.279999732971191,11.40063190460205,5506800
2020-04-01,12.520000457763672,12.850000381469727,12.010000228881836,12.390000343322754,10.636585235595703,5029200
2020-04-02,12.279999732971191,12.729999542236328,11.789999961853027,12.069999694824219,10.361870765686035,4159900
2020-04-03,11.899999618530273,12.390000343322754,11.699999809265137,11.989999771118164,10.293191909790039,3122100
2020-04-06,12.680000305175781,13.109999656677246,12.529999732971191,12.819999694824219,11.005733489990234,3250700
2020-04-07,13.449999809265137,13.619999885559082,12.9399995803833,13.100000381469727,11.246109008789062,3638400
2020-04-08,13.270000457763672,13.579999923706055,13.029999732971191,13.470000267028809,11.563746452331543,3275200
2020-04-09,13.630000114440918,14.4399995803833,13.630000114440918,14.149999618530273,12.147513389587402,5238300
2020-04-13,14.079999923706055,14.109999656677246,13.039999961853027,13.34000015258789,11.452141761779785,2139500
2020-04-14,13.760000228881836,13.880000114440918,13.4399995803833,13.800000190734863,11.847043991088867,2850600
2020-04-15,13.25,13.3100004196167,12.619999885559082,12.729999542236328,10.928468704223633,2930700
2020-04-16,12.710000038146973,12.859999656677246,12.25,12.609999656677246,10.825450897216797,2955100
2020-04-17,13.109999656677246,13.380000114440918,12.520000457763672,12.859999656677246,11.04007339477539,4870300
2020-04-20,12.670000076293945,13.050000190734863,12.079999923706055,12.779999732971191,10.971392631530762,6883600
2020-04-21,12.319999694824219,12.739999771118164,12.239999771118164,12.520000457763672,10.748188018798828,3002000
2020-04-22,12.520000457763672,12.649999618530273,12.020000457763672,12.0600004196167,10.353286743164062,4208700
2020-04-23,12.25,12.829999923706055,12.199999809265137,12.600000381469727,10.81686782836914,4692800
2020-04-24,12.640000343322754,13.079999923706055,12.5,12.90999984741211,11.082995414733887,5442500
2020-04-27,12.970000267028809,13.609999656677246,12.920000076293945,13.489999771118164,11.580914497375488,4150600
2020-04-28,13.84000015258789,14.420000076293945,13.84000015258789,14.229999542236328,12.216190338134766,4972400
2020-04-29,14.579999923706055,14.6899995803833,14.3100004196167,14.329999923706055,12.302041053771973,3530900
2020-04-30,14.100000381469727,14.119999885559082,13.720000267028809,13.880000114440918,11.915722846984863,4788700
2020-05-01,13.199999809265137,13.3100004196167,12.210000038146973,12.279999732971191,10.542152404785156,6781100
2020-05-04,12.1899995803833,12.5,12.020000457763672,12.390000343322754,10.636585235595703,3766900
2020-05-05,12.5,12.619999885559082,11.920000076293945,11.930000305175781,10.241684913635254,3203700
2020-05-06,11.979999542236328,12.119999885559082,11.529999732971191,11.6899995803833,10.035648345947266,2764100
2020-05-07,11.779999732971191,12.380000114440918,11.75,12.039999961853027,10.336118698120117,3046800
2020-05-08,12.229999542236328,12.489999771118164,12.0600004196167,12.40999984741211,10.653755187988281,2591800
2020-05-11,12.149999618530273,12.279999732971191,11.899999618530273,12.029999732971191,10.327534675598145,3535500
2020-05-12,12.109999656677246,12.350000381469727,12.0600004196167,12.170000076293945,10.447718620300293,3639000
2020-05-13,12.029999732971191,12.079999923706055,11.4399995803833,11.720000267028809,10.0614013671875,7342000
2020-05-14,11.479999542236328,11.699999809265137,11.050000190734863,11.619999885559082,9.975555419921875,2813400
2020-05-15,11.529999732971191,11.779999732971191,11.34000015258789,11.699999809265137,10.044232368469238,2000900
2020-05-18,12.239999771118164,12.710000038146973,12.239999771118164,12.65999984741211,10.868374824523926,2916500
2020-05-19,12.65999984741211,12.970000267028809,12.420000076293945,12.640000343322754,10.851207733154297,3997400
2020-05-20,12.84000015258789,12.949999809265137,12.449999809265137,12.579999923706055,10.799696922302246,3270800
2020-05-21,12.430000305175781,12.920000076293945,12.359999656677246,12.859999656677246,11.04007339477539,4008200
2020-05-22,12.979999542236328,12.979999542236328,12.65999984741211,12.779999732971191,10.971392631530762,2180100
2020-05-26,13.109999656677246,13.739999771118164,13.039999961853027,13.550000190734863,11.632425308227539,3755300
2020-05-27,13.880000114440918,14.40999984741211,13.850000381469727,14.390000343322754,12.35354995727539,3974500
2020-05-28,14.369999885559082,14.369999885559082,13.529999732971191,13.579999923706055,11.847543716430664,3761100
2020-05-29,13.430000305175781,13.430000305175781,13.0600004196167,13.149999618530273,11.47239875793457,6024200
2020-06-01,13.100000381469727,13.510000228881836,13.0600004196167,13.460000038146973,11.742850303649902,3066100
2020-06-02,13.600000381469727,13.90999984741211,13.5,13.850000381469727,12.083096504211426,2843200
2020-06-03,13.989999771118164,15.109999656677246,13.960000038146973,14.989999771118164,13.077662467956543,4962700
2020-06-04,14.960000038146973,15.75,14.829999923706055,15.470000267028809,13.496426582336426,5231000
2020-06-05,16.0,16.790000915527344,15.989999771118164,16.399999618530273,14.307784080505371,5604100
2020-06-08,16.700000762939453,17.479999542236328,16.639999389648438,17.420000076293945,15.19765853881836,4910400
2020-06-09,16.829999923706055,17.06999969482422,16.440000534057617,16.65999984741211,14.534613609313965,4458000
2020-06-10,16.690000534057617,16.690000534057617,15.920000076293945,15.930000305175781,13.897743225097656,3567900
2020-06-11,15.079999923706055,15.449999809265137,14.819999694824219,14.880000114440918,12.981697082519531,3383600
2020-06-12,15.5,15.609999656677246,14.84000015258789,15.300000190734863,13.348114967346191,3163200
2020-06-15,14.800000190734863,15.109999656677246,14.609999656677246,14.90999984741211,13.007867813110352,4108100
2020-06-16,15.5,15.979999542236328,15.210000038146973,15.729999542236328,13.723258018493652,5035100
2020-06-17,15.760000228881836,15.970000267028809,15.40999984741211,15.8100004196167,13.793051719665527,3170300
2020-06-18,15.579999923706055,15.899999618530273,15.420000076293945,15.449999809265137,13.478978157043457,2773700
2020-06-19,15.640000343322754,15.890000343322754,15.279999732971191,15.869999885559082,13.84539794921875,11846400
2020-06-22,15.729999542236328,15.880000114440918,15.479999542236328,15.649999618530273,13.653464317321777,2980900
2020-06-23,15.789999961853027,15.960000038146973,15.539999961853027,15.579999923706055,13.59239387512207,4731500
2020-06-24,15.390000343322754,15.430000305175781,14.899999618530273,15.09000015258789,13.16490650177002,4692900
2020-06-25,14.960000038146973,15.270000457763672,14.859999656677246,15.1899995803833,13.252147674560547,2265500
2020-06-26,15.050000190734863,15.1899995803833,14.8100004196167,15.050000190734863,13.130008697509766,3870600
2020-06-29,15.350000381469727,15.680000305175781,15.210000038146973,15.59000015258789,13.601117134094238,4330000
2020-06-30,15.5600004196167,15.949999809265137,15.34000015258789,15.880000114440918,13.85412311553955,3009400
2020-07-01,15.8100004196167,16.15999984741211,15.75,15.779999732971191,13.76688003540039,2179600
2020-07-02,16.190000534057617,16.489999771118164,15.9399995803833,15.970000267028809,13.93264102935791,2235100
2020-07-06,16.309999465942383,16.360000610351562,15.979999542236328,16.0,13.958812713623047,4132100
2020-07-07,15.819999694824219,16.020000457763672,15.760000228881836,15.850000381469727,13.827948570251465,2745600
2020-07-08,15.760000228881836,15.880000114440918,15.579999923706055,15.8100004196167,13.793051719665527,2389100
2020-07-09,15.770000457763672,15.8100004196167,14.949999809265137,15.010000228881836,13.095109939575195,4211400
2020-07-10,15.1899995803833,15.869999885559082,15.109999656677246,15.8100004196167,13.793051719665527,2317800
2020-07-13,15.90999984741211,16.06999969482422,15.699999809265137,15.720000267028809,13.714533805847168,2473600
2020-07-14,15.670000076293945,16.190000534057617,15.539999961853027,16.079999923706055,14.028605461120605,3599500
2020-07-15,16.290000915527344,16.469999313354492,16.200000762939453,16.399999618530273,14.307784080505371,1885600
2020-07-16,16.040000915527344,16.690000534057617,16.030000686645508,16.549999237060547,14.438645362854004,2207100
2020-07-17,16.579999923706055,16.719999313354492,16.270000457763672,16.360000610351562,14.272887229919434,2022200
2020-07-20,16.170000076293945,16.34000015258789,15.869999885559082,16.06999969482422,14.019881248474121,2676400
2020-07-21,16.649999618530273,16.75,15.960000038146973,16.549999237060547,14.438645362854004,7239700
2020-07-22,16.5,16.829999923706055,16.399999618530273,16.719999313354492,14.586957931518555,3200700
2020-07-23,16.829999923706055,17.18000030517578,16.760000228881836,17.09000015258789,14.909759521484375,3591000
2020-07-24,17.100000381469727,17.389999389648438,17.010000228881836,17.139999389648438,14.953378677368164,2977700
2020-07-27,17.139999389648438,17.610000610351562,17.049999237060547,17.360000610351562,15.14531135559082,2766600
2020-07-28,17.309999465942383,17.56999969482422,17.200000762939453,17.260000228881836,15.058069229125977,3361400
2020-07-29,17.219999313354492,17.670000076293945,17.170000076293945,17.600000381469727,15.354691505432129,2629900
2020-07-30,17.360000610351562,17.850000381469727,17.1200008392334,17.719999313354492,15.459380149841309,5211400
2020-07-31,18.0,18.0,16.15999984741211,16.399999618530273,14.307784080505371,13061000
2020-08-03,16.40999984741211,16.5,16.100000381469727,16.389999389648438,14.299059867858887,3309900
2020-08-04,16.399999618530273,16.639999389648438,16.280000686645508,16.469999313354492,14.368851661682129,2943500
2020-08-05,16.56999969482422,16.81999969482422,16.3700008392334,16.760000228881836,14.621854782104492,1824300
2020-08-06,16.68000030517578,16.920000076293945,16.56999969482422,16.81999969482422,14.674201011657715,1926500
2020-08-07,16.889999389648438,17.15999984741211,16.700000762939453,17.149999618530273,14.962103843688965,1686400
2020-08-10,17.420000076293945,17.690000534057617,17.219999313354492,17.5,15.267450332641602,2297800
2020-08-11,17.790000915527344,17.940000534057617,17.219999313354492,17.270000457763672,15.06679630279541,3069000
2020-08-12,17.40999984741211,17.459999084472656,16.979999542236328,17.110000610351562,14.927207946777344,2716400
2020-08-13,17.06999969482422,17.299999237060547,16.969999313354492,17.049999237060547,14.874855995178223,2297500
2020-08-14,17.010000228881836,17.270000457763672,16.8799991607666,16.989999771118164,14.822516441345215,1844700
2020-08-17,17.020000457763672,17.020000457763672,16.75,16.959999084472656,14.796340942382812,3695600
2020-08-18,16.969999313354492,17.030000686645508,16.65999984741211,16.719999313354492,14.586957931518555,3429000
2020-08-19,16.700000762939453,16.989999771118164,16.649999618530273,16.75,14.61313247680664,2112400
2020-08-20,16.65999984741211,16.799999237060547,16.34000015258789,16.3799991607666,14.290336608886719,1941000
2020-08-21,16.420000076293945,16.420000076293945,15.880000114440918,16.100000381469727,14.046056747436523,3300900
2020-08-24,16.239999771118164,16.469999313354492,16.030000686645508,16.43000030517578,14.333956718444824,2442200
2020-08-25,16.469999313354492,16.5,16.030000686645508,16.149999618530273,14.089675903320312,1933200
2020-08-26,16.100000381469727,16.200000762939453,15.970000267028809,15.989999771118164,13.950088500976562,2084000
2020-08-27,16.1299991607666,16.270000457763672,16.0,16.190000534057617,14.12457275390625,2381200
2020-08-28,16.079999923706055,16.270000457763672,15.920000076293945,16.219999313354492,14.354671478271484,2002200
2020-08-31,16.100000381469727,16.31999969482422,15.90999984741211,15.979999542236328,14.142273902893066,3082200
2020-09-01,15.90999984741211,16.09000015258789,15.670000076293945,15.729999542236328,13.921022415161133,3387200
2020-09-02,15.869999885559082,16.260000228881836,15.800000190734863,16.219999313354492,14.354671478271484,3125500
2020-09-03,16.079999923706055,16.469999313354492,15.859999656677246,15.920000076293945,14.089173316955566,2656200
2020-09-04,16.110000610351562,16.389999389648438,15.960000038146973,16.31999969482422,14.4431734085083,2892500
2020-09-08,16.290000915527344,16.68000030517578,16.09000015258789,16.360000610351562,14.478574752807617,4252200
2020-09-09,16.479999542236328,16.65999984741211,16.200000762939453,16.43000030517578,14.540523529052734,3719700
2020-09-10,16.559999465942383,17.34000015258789,16.540000915527344,17.209999084472656,15.230823516845703,5061600
2020-09-11,17.219999313354492,17.600000381469727,17.049999237060547,17.450000762939453,15.443219184875488,3994800
2020-09-14,17.639999389648438,17.8700008392334,17.450000762939453,17.829999923706055,15.779521942138672,3485200
2020-09-15,17.899999618530273,18.040000915527344,17.65999984741211,17.68000030517578,15.646768569946289,3334500
2020-09-16,17.790000915527344,18.239999771118164,17.700000762939453,17.989999771118164,15.921117782592773,2855800
2020-09-17,17.799999237060547,18.190000534057617,17.6299991607666,17.90999984741211,15.85031795501709,2554600
2020-09-18,17.8799991607666,18.280000686645508,17.68000030517578,17.719999313354492,15.682169914245605,4806000
2020-09-21,17.479999542236328,17.510000228881836,16.950000762939453,17.09000015258789,15.124624252319336,2876000
2020-09-22,17.040000915527344,17.389999389648438,16.989999771118164,17.219999313354492,15.239670753479004,1794400
2020-09-23,17.299999237060547,17.489999771118164,16.8799991607666,16.889999389648438,14.947622299194336,1786900
2020-09-24,16.8799991607666,17.0,16.56999969482422,16.719999313354492,14.797172546386719,1350300
2020-09-25,16.559999465942383,16.829999923706055,16.559999465942383,16.739999771118164,14.814871788024902,1727900
2020-09-28,16.979999542236328,17.299999237060547,16.81999969482422,17.219999313354492,15.239670753479004,1819500
2020-09-29,17.09000015258789,17.25,16.979999542236328,17.1200008392334,15.151171684265137,1265900
2020-09-30,17.219999313354492,17.459999084472656,17.110000610351562,17.15999984741211,15.186573028564453,2037400
2020-10-01,17.309999465942383,17.350000381469727,16.8700008392334,17.010000228881836,15.05382251739502,2313500
2020-10-02,16.719999313354492,17.520000457763672,16.65999984741211,17.3799991607666,15.381268501281738,1823400
2020-10-05,17.56999969482422,17.670000076293945,17.440000534057617,17.600000381469727,15.575972557067871,1613300
2020-10-06,17.68000030517578,17.860000610351562,17.290000915527344,17.309999465942383,15.319320678710938,1675700
2020-10-07,17.469999313354492,17.829999923706055,17.469999313354492,17.700000762939453,15.664472579956055,1148600
2020-10-08,17.799999237060547,18.110000610351562,17.760000228881836,18.100000381469727,16.018470764160156,1460000
2020-10-09,18.229999542236328,18.270000457763672,17.969999313354492,18.010000228881836,15.938822746276855,1438100
2020-10-12,18.079999923706055,18.1299991607666,17.860000610351562,17.940000534057617,15.876870155334473,1764500
2020-10-13,17.940000534057617,17.950000762939453,17.5,17.690000534057617,15.655622482299805,1936200
2020-10-14,17.850000381469727,18.309999465942383,17.68000030517578,18.270000457763672,16.16891860961914,3806400
2020-10-15,18.030000686645508,18.219999313354492,17.84000015258789,18.1299991607666,16.04502296447754,1224900
2020-10-16,18.139999389648438,18.18000030517578,17.90999984741211,18.020000457763672,15.947667121887207,1485300
2020-10-19,17.959999084472656,18.15999984741211,17.559999465942383,17.59000015258789,15.567122459411621,1503600
2020-10-20,17.969999313354492,18.010000228881836,17.610000610351562,17.68000030517578,15.646768569946289,1213200
2020-10-21,17.559999465942383,17.700000762939453,17.40999984741211,17.549999237060547,15.531720161437988,1231700
2020-10-22,17.610000610351562,17.899999618530273,17.469999313354492,17.8700008392334,15.814918518066406,1239600
2020-10-23,17.920000076293945,18.030000686645508,17.719999313354492,18.0,15.92996883392334,1352400
2020-10-26,17.790000915527344,17.790000915527344,17.270000457763672,17.440000534057617,15.434372901916504,1247000
2020-10-27,17.459999084472656,17.600000381469727,17.190000534057617,17.190000534057617,15.213123321533203,1955300
2020-10-28,16.8799991607666,17.030000686645508,16.56999969482422,16.65999984741211,14.744071006774902,2064300
2020-10-29,16.600000381469727,16.989999771118164,16.600000381469727,16.81999969482422,14.885668754577637,2762400
2020-10-30,18.15999984741211,18.489999771118164,17.34000015258789,17.65999984741211,15.629071235656738,5827500
2020-11-02,17.799999237060547,19.049999237060547,17.700000762939453,18.90999984741211,16.73531723022461,5078500
2020-11-03,19.270000457763672,19.600000381469727,19.049999237060547,19.5,17.25746726989746,4324600
2020-11-04,19.40999984741211,19.5,18.760000228881836,18.8700008392334,16.699918746948242,2906900
2020-11-05,18.950000762939453,19.729999542236328,18.950000762939453,19.559999465942383,17.31056785583496,3357800
2020-11-06,19.600000381469727,19.739999771118164,18.709999084472656,18.8799991607666,16.708768844604492,3308500
2020-11-09,19.729999542236328,20.219999313354492,19.059999465942383,19.110000610351562,16.912317276000977,5018600
2020-11-10,19.229999542236328,19.290000915527344,19.020000457763672,19.260000228881836,17.045068740844727,2883600
2020-11-11,19.290000915527344,19.68000030517578,19.18000030517578,19.670000076293945,17.407917022705078,2692000
2020-11-12,19.649999618530273,19.690000534057617,18.610000610351562,18.969999313354492,16.788419723510742,3184700
2020-11-13,19.1200008392334,19.81999969482422,19.030000686645508,19.729999542236328,17.461017608642578,1986100
2020-11-16,19.979999542236328,20.6299991607666,19.760000228881836,20.360000610351562,18.018566131591797,3968800
2020-11-17,20.010000228881836,20.31999969482422,19.739999771118164,20.170000076293945,17.850418090820312,2807200
2020-11-18,20.190000534057617,20.639999389648438,20.170000076293945,20.200000762939453,17.876968383789062,2086300
2020-11-19,20.18000030517578,20.540000915527344,20.0,20.389999389648438,18.04511833190918,2236100
2020-11-20,20.360000610351562,20.459999084472656,20.200000762939453,20.3700008392334,18.027416229248047,2562700
2020-11-23,20.5,20.829999923706055,20.43000030517578,20.510000228881836,18.15131378173828,2134800
2020-11-24,20.739999771118164,21.600000381469727,20.639999389648438,21.459999084472656,18.992061614990234,5254700
2020-11-25,21.200000762939453,21.43000030517578,21.040000915527344,21.360000610351562,18.903566360473633,2299000
2020-11-27,21.030000686645508,21.1299991607666,20.600000381469727,21.06999969482422,18.849885940551758,1508700
2020-11-30,20.959999084472656,21.489999771118164,20.950000762939453,21.260000228881836,19.019865036010742,4987300
2020-12-01,21.43000030517578,21.540000915527344,21.200000762939453,21.440000534057617,19.18090057373047,2628600
2020-12-02,21.43000030517578,21.540000915527344,21.110000610351562,21.219999313354492,18.984081268310547,2140000
2020-12-03,21.270000457763672,21.899999618530273,21.170000076293945,21.770000457763672,19.47612953186035,2076900
2020-12-04,21.770000457763672,22.09000015258789,21.649999618530273,22.030000686645508,19.7087345123291,1954500
2020-12-07,21.899999618530273,21.979999542236328,21.450000762939453,21.600000381469727,19.32404327392578,4001700
2020-12-08,21.110000610351562,21.190000534057617,20.489999771118164,21.020000457763672,18.80515480041504,5160500
2020-12-09,21.049999237060547,21.15999984741211,20.65999984741211,20.75,18.56360626220703,3888400
2020-12-10,20.639999389648438,20.860000610351562,20.329999923706055,20.809999465942383,18.617280960083008,2581700
2020-12-11,20.68000030517578,20.75,20.3799991607666,20.510000228881836,18.348894119262695,3723000
2020-12-14,20.760000228881836,20.760000228881836,20.31999969482422,20.31999969482422,18.178913116455078,4109500
2020-12-15,20.43000030517578,20.579999923706055,19.799999237060547,20.0,17.89263153076172,4010800
2020-12-16,20.06999969482422,20.309999465942383,19.8799991607666,20.06999969482422,17.95525360107422,2636300
2020-12-17,20.1200008392334,20.200000762939453,19.8799991607666,20.09000015258789,17.973148345947266,2563800
2020-12-18,20.079999923706055,20.68000030517578,20.049999237060547,20.600000381469727,18.42940902709961,8094600
2020-12-21,19.90999984741211,20.770000457763672,19.8700008392334,20.68000030517578,18.500980377197266,2776200
2020-12-22,20.780000686645508,21.229999542236328,20.770000457763672,21.079999923706055,18.858835220336914,2922400
2020-12-23,21.1299991607666,21.34000015258789,21.1299991607666,21.229999542236328,18.993024826049805,1867100
2020-12-24,21.229999542236328,21.270000457763672,21.040000915527344,21.219999313354492,18.984081268310547,690200
2020-12-28,21.329999923706055,21.450000762939453,21.079999923706055,21.239999771118164,19.001972198486328,1961000
2020-12-29,21.299999237060547,21.3799991607666,20.829999923706055,20.979999542236328,18.76936912536621,1260000
2020-12-30,20.809999465942383,21.239999771118164,20.790000915527344,21.079999923706055,18.858835220336914,1668900
2020-12-31,21.110000610351562,21.309999465942383,20.950000762939453,21.229999542236328,18.993024826049805,1814200
2021-01-04,21.780000686645508,22.100000381469727,21.59000015258789,21.709999084472656,19.42245101928711,5114600
2021-01-05,21.6299991607666,21.950000762939453,21.5,21.860000610351562,19.556644439697266,3187800
2021-01-06,22.190000534057617,22.8700008392334,22.0,22.65999984741211,20.272350311279297,2735600
2021-01-07,22.68000030517578,22.899999618530273,22.5,22.639999389648438,20.254457473754883,2319400
2021-01-08,23.190000534057617,23.260000228881836,22.690000534057617,23.06999969482422,20.639150619506836,2082300
2021-01-11,22.899999618530273,23.31999969482422,22.709999084472656,23.06999969482422,20.639150619506836,2928700
2021-01-12,23.299999237060547,24.309999465942383,23.15999984741211,24.229999542236328,21.676921844482422,3924700
2021-01-13,24.170000076293945,24.450000762939453,23.920000076293945,24.3700008392334,21.802173614501953,3742300
2021-01-14,24.530000686645508,24.56999969482422,24.139999389648438,24.399999618530273,21.829008102416992,2293400
2021-01-15,24.1299991607666,24.389999389648438,23.899999618530273,24.139999389648438,21.596405029296875,2740200
2021-01-19,24.229999542236328,24.34000015258789,24.1200008392334,24.209999084472656,21.659027099609375,2198400
2021-01-20,24.110000610351562,24.729999542236328,23.979999542236328,24.65999984741211,22.061613082885742,2396000
2021-01-21,24.639999389648438,24.780000686645508,24.459999084472656,24.65999984741211,22.061613082885742,2197500
2021-01-22,24.510000228881836,24.8700008392334,24.299999237060547,24.799999237060547,22.186859130859375,1816100
2021-01-25,24.549999237060547,25.59000015258789,24.549999237060547,25.5,22.81310272216797,3675000
2021-01-26,25.549999237060547,25.989999771118164,25.389999389648438,25.889999389648438,23.16201400756836,3197100
2021-01-27,25.329999923706055,26.079999923706055,24.56999969482422,24.6200008392334,22.025829315185547,4994500
2021-01-28,24.520000457763672,24.790000915527344,24.3700008392334,24.479999542236328,21.90057945251465,3595700
2021-01-29,24.350000381469727,24.489999771118164,23.690000534057617,24.020000457763672,21.489049911499023,6757000
2021-02-01,24.299999237060547,24.579999923706055,23.940000534057617,24.389999389648438,21.820064544677734,2066600
2021-02-02,24.5,25.6200008392334,24.43000030517578,25.399999618530273,22.723642349243164,4002000
2021-02-03,25.709999084472656,26.1299991607666,25.5,25.93000030517578,23.197795867919922,4419600
2021-02-04,26.100000381469727,26.329999923706055,25.950000762939453,26.229999542236328,23.466182708740234,2936100
2021-02-05,26.360000610351562,26.479999542236328,26.0,26.1299991607666,23.37672233581543,4509200
2021-02-08,26.43000030517578,26.6200008392334,26.239999771118164,26.559999465942383,23.761417388916016,2603600
2021-02-09,26.799999237060547,26.889999389648438,26.309999465942383,26.530000686645508,23.73457908630371,2106500
2021-02-10,26.510000228881836,26.59000015258789,26.079999923706055,26.229999542236328,23.466182708740234,2524800
2021-02-11,26.18000030517578,26.3799991607666,25.790000915527344,26.049999237060547,23.305152893066406,4578600
2021-02-12,24.06999969482422,25.0,23.8700008392334,24.190000534057617,21.641138076782227,8893500
2021-02-16,24.260000228881836,24.360000610351562,23.739999771118164,23.790000915527344,21.28328514099121,5590000
2021-02-17,23.729999542236328,24.31999969482422,23.670000076293945,24.079999923706055,21.542728424072266,3994900
2021-02-18,23.989999771118164,24.040000915527344,23.559999465942383,23.639999389648438,21.149091720581055,2801100
2021-02-19,23.850000381469727,24.31999969482422,23.6299991607666,24.31999969482422,21.7574405670166,3184300
2021-02-22,24.260000228881836,24.479999542236328,24.1200008392334,24.139999389648438,21.596405029296875,1990000
2021-02-23,24.06999969482422,24.200000762939453,23.530000686645508,24.059999465942383,21.524831771850586,2083000
2021-02-24,23.829999923706055,24.43000030517578,23.75,24.389999389648438,21.820064544677734,1856600
2021-02-25,24.06999969482422,24.239999771118164,23.440000534057617,23.56999969482422,21.287208557128906,2256500
2021-02-26,23.549999237060547,23.729999542236328,23.149999618530273,23.170000076293945,20.925949096679688,4531600
2021-03-01,23.559999465942383,24.139999389648438,23.469999313354492,24.1200008392334,21.783937454223633,2576300
2021-03-02,24.200000762939453,24.229999542236328,23.729999542236328,24.049999237060547,21.720720291137695,3321600
2021-03-03,23.959999084472656,24.540000915527344,23.799999237060547,24.3700008392334,22.009727478027344,3059300
2021-03-04,24.260000228881836,24.5,23.530000686645508,23.959999084472656,21.639432907104492,2783000
2021-03-05,24.270000457763672,24.780000686645508,23.670000076293945,24.639999389648438,22.25357437133789,1924000
2021-03-08,24.899999618530273,25.5,24.739999771118164,25.200000762939453,22.759340286254883,2396200
2021-03-09,25.40999984741211,25.489999771118164,24.8799991607666,24.8799991607666,22.4703311920166,2095000
2021-03-10,25.25,25.719999313354492,25.09000015258789,25.290000915527344,22.840621948242188,3062800
2021-03-11,25.25,25.290000915527344,24.780000686645508,24.950000762939453,22.533552169799805,2636700
2021-03-12,25.110000610351562,25.479999542236328,24.920000076293945,25.399999618530273,22.93996810913086,2398200
2021-03-15,25.639999389648438,26.110000610351562,25.56999969482422,26.100000381469727,23.57217025756836,2627500
2021-03-16,26.059999465942383,26.1200008392334,25.59000015258789,25.68000030517578,23.19285011291504,2812800
2021-03-17,25.549999237060547,26.049999237060547,25.479999542236328,25.8799991607666,23.373477935791016,2090200
2021-03-18,25.8799991607666,26.68000030517578,25.829999923706055,26.290000915527344,23.743770599365234,2819600
2021-03-19,26.450000762939453,26.510000228881836,26.06999969482422,26.09000015258789,23.563140869140625,5495100
2021-03-22,26.09000015258789,26.25,25.719999313354492,26.100000381469727,23.57217025756836,1824600
2021-03-23,25.889999389648438,26.18000030517578,25.049999237060547,25.139999389648438,22.705148696899414,2667800
2021-03-24,25.1299991607666,25.520000457763672,24.90999984741211,24.90999984741211,22.497425079345703,1812800
2021-03-25,24.920000076293945,25.940000534057617,24.719999313354492,25.8700008392334,23.36444854736328,1752700
2021-03-26,25.860000610351562,26.65999984741211,25.760000228881836,26.639999389648438,24.059871673583984,2023400
2021-03-29,26.440000534057617,26.90999984741211,26.299999237060547,26.420000076293945,23.861177444458008,2524500
2021-03-30,26.459999084472656,26.760000228881836,26.3700008392334,26.700000762939453,24.11406135559082,2060100
2021-03-31,26.639999389648438,27.049999237060547,26.530000686645508,26.780000686645508,24.18631362915039,2116600
2021-04-01,26.639999389648438,27.059999465942383,26.520000457763672,27.059999465942383,24.43919563293457,2026600
2021-04-05,27.25,27.43000030517578,27.079999923706055,27.219999313354492,24.583696365356445,2035000
2021-04-06,27.360000610351562,27.40999984741211,27.030000686645508,27.09000015258789,24.46628761291504,2240600
2021-04-07,27.010000228881836,27.25,26.959999084472656,27.049999237060547,24.430164337158203,1380500
2021-04-08,27.0,27.049999237060547,26.649999618530273,26.850000381469727,24.249530792236328,2172100
2021-04-09,26.899999618530273,27.110000610351562,26.770000457763672,27.030000686645508,24.41210174560547,2038100
2021-04-12,26.989999771118164,27.43000030517578,26.940000534057617,27.3799991607666,24.728200912475586,2333800
2021-04-13,27.239999771118164,27.329999923706055,26.18000030517578,26.84000015258789,24.240503311157227,3592800
2021-04-14,26.700000762939453,26.889999389648438,26.3799991607666,26.440000534057617,23.879243850708008,2355800
2021-04-15,26.690000534057617,26.729999542236328,26.309999465942383,26.6200008392334,24.04180908203125,1938600
2021-04-16,26.739999771118164,26.969999313354492,26.559999465942383,26.760000228881836,24.168249130249023,1749600
2021-04-19,26.6200008392334,26.639999389648438,26.190000534057617,26.479999542236328,23.915367126464844,2098800
2021-04-20,26.389999389648438,26.579999923706055,26.100000381469727,26.5,23.933429718017578,2024700
2021-04-21,26.5,27.100000381469727,26.5,26.969999313354492,24.357912063598633,1757000
2021-04-22,27.059999465942383,27.15999984741211,26.610000610351562,26.68000030517578,24.09600067138672,2571800
2021-04-23,26.81999969482422,26.8700008392334,26.299999237060547,26.540000915527344,23.96955680847168,2622200
2021-04-26,26.649999618530273,26.760000228881836,26.450000762939453,26.719999313354492,24.132123947143555,1816900
2021-04-27,26.520000457763672,27.1200008392334,26.389999389648438,26.920000076293945,24.312753677368164,1975700
2021-04-28,27.049999237060547,27.06999969482422,26.6200008392334,26.65999984741211,24.07793617248535,1495800
2021-04-29,26.920000076293945,27.190000534057617,26.75,26.979999542236328,24.366939544677734,2149600
2021-04-30,27.489999771118164,27.8700008392334,26.780000686645508,26.959999084472656,24.348878860473633,4645600
2021-05-03,27.139999389648438,28.100000381469727,26.979999542236328,27.780000686645508,25.089458465576172,4054600
2021-05-04,27.829999923706055,28.170000076293945,27.600000381469727,28.059999465942383,25.342342376708984,3146700
2021-05-05,28.010000228881836,28.5,27.93000030517578,28.350000381469727,25.60425567626953,2008500
2021-05-06,28.6200008392334,29.1200008392334,28.350000381469727,29.100000381469727,26.281618118286133,2910400
2021-05-07,28.889999389648438,29.329999923706055,28.8700008392334,29.06999969482422,26.2545223236084,2137400
2021-05-10,29.239999771118164,30.100000381469727,29.1299991607666,29.270000457763672,26.43515396118164,3508500
2021-05-11,29.200000762939453,29.479999542236328,28.559999465942383,28.979999542236328,26.173236846923828,2591300
2021-05-12,28.8700008392334,28.899999618530273,27.989999771118164,28.059999465942383,25.342342376708984,2318100
2021-05-13,27.8799991607666,28.75,27.770000457763672,28.579999923706055,25.81197738647461,2059200
2021-05-14,28.850000381469727,29.06999969482422,28.670000076293945,28.950000762939453,26.146142959594727,1345100
2021-05-17,28.969999313354492,29.5,28.8700008392334,29.34000015258789,26.498371124267578,2052800
2021-05-18,29.3700008392334,29.5,28.440000534057617,28.450000762939453,25.694570541381836,3007400
2021-05-19,28.15999984741211,28.239999771118164,27.65999984741211,28.170000076293945,25.441688537597656,4731700
2021-05-20,28.1200008392334,28.6200008392334,27.920000076293945,28.440000534057617,25.685537338256836,1830000
2021-05-21,28.450000762939453,28.719999313354492,28.229999542236328,28.299999237060547,25.559097290039062,1539700
2021-05-24,28.459999084472656,28.510000228881836,28.1299991607666,28.25,25.51394271850586,1647300
2021-05-25,28.31999969482422,28.510000228881836,27.8799991607666,27.950000762939453,25.242998123168945,1750600
2021-05-26,28.149999618530273,28.360000610351562,28.079999923706055,28.25,25.51394271850586,1829600
2021-05-27,28.219999313354492,28.6299991607666,28.15999984741211,28.59000015258789,26.032960891723633,6055900
2021-05-28,29.0,29.059999465942383,28.360000610351562,28.690000534057617,26.12401580810547,2812000
2021-06-01,29.0,29.100000381469727,28.510000228881836,28.739999771118164,26.169544219970703,2388800
2021-06-02,28.829999923706055,28.8700008392334,28.40999984741211,28.610000610351562,26.051172256469727,1646800
2021-06-03,28.549999237060547,28.600000381469727,28.09000015258789,28.399999618530273,25.859954833984375,1905800
2021-06-04,28.3799991607666,28.530000686645508,28.059999465942383,28.270000457763672,25.741579055786133,1217800
2021-06-07,28.34000015258789,28.549999237060547,28.059999465942383,28.209999084472656,25.686946868896484,1035600
2021-06-08,28.170000076293945,28.559999465942383,27.860000610351562,28.40999984741211,25.869060516357422,2270500
2021-06-09,28.43000030517578,28.43000030517578,27.959999084472656,27.969999313354492,25.468412399291992,1524900
2021-06-10,28.209999084472656,28.280000686645508,27.540000915527344,27.6299991607666,25.158823013305664,1741000
2021-06-11,27.8799991607666,28.049999237060547,27.739999771118164,28.040000915527344,25.53215217590332,1462900
2021-06-14,28.0,28.06999969482422,27.190000534057617,27.34000015258789,24.894758224487305,2221600
2021-06-15,27.31999969482422,27.540000915527344,27.110000610351562,27.34000015258789,24.894758224487305,1888600
2021-06-16,27.270000457763672,27.389999389648438,26.81999969482422,27.010000228881836,24.594274520874023,1978500
2021-06-17,27.030000686645508,27.030000686645508,25.780000686645508,26.290000915527344,23.938671112060547,2096500
2021-06-18,25.850000381469727,26.25,25.719999313354492,25.989999771118164,23.66550064086914,3488400
2021-06-21,26.219999313354492,26.68000030517578,26.139999389648438,26.540000915527344,24.166311264038086,1959700
2021-06-22,26.649999618530273,26.649999618530273,26.209999084472656,26.520000457763672,24.14809799194336,1903700
2021-06-23,26.610000610351562,26.719999313354492,26.309999465942383,26.420000076293945,24.05704116821289,2240600
2021-06-24,26.56999969482422,26.729999542236328,26.3799991607666,26.600000381469727,24.220943450927734,2537900
2021-06-25,26.520000457763672,26.829999923706055,26.489999771118164,26.6200008392334,24.23915672302246,3116700
2021-06-28,26.90999984741211,26.950000762939453,26.5,26.6299991607666,24.248258590698242,1871100
2021-06-29,26.920000076293945,27.34000015258789,26.8799991607666,27.0,24.585168838500977,3096400
2021-06-30,26.940000534057617,27.639999389648438,26.899999618530273,27.469999313354492,25.013134002685547,3113000
2021-07-01,27.59000015258789,27.81999969482422,27.309999465942383,27.450000762939453,24.994922637939453,1592300
2021-07-02,27.459999084472656,27.510000228881836,26.899999618530273,27.200000762939453,24.76727867126465,2084400
2021-07-06,27.09000015258789,27.139999389648438,26.219999313354492,26.510000228881836,24.138994216918945,2637300
2021-07-07,26.299999237060547,26.670000076293945,26.229999542236328,26.610000610351562,24.23004913330078,1561000
2021-07-08,26.149999618530273,26.770000457763672,25.989999771118164,26.479999542236328,24.111675262451172,2431100
2021-07-09,26.780000686645508,27.15999984741211,26.709999084472656,27.030000686645508,24.61248207092285,1636400
2021-07-12,26.799999237060547,27.270000457763672,26.59000015258789,27.190000534057617,24.758174896240234,2146800
2021-07-13,27.139999389648438,27.200000762939453,26.450000762939453,26.459999084472656,24.09346580505371,2068700
2021-07-14,27.239999771118164,27.40999984741211,26.729999542236328,27.100000381469727,24.676223754882812,4090400
2021-07-15,26.940000534057617,27.31999969482422,26.690000534057617,27.049999237060547,24.630693435668945,2836000
2021-07-16,27.110000610351562,27.399999618530273,26.940000534057617,27.040000915527344,24.62158966064453,3365100
2021-07-19,26.549999237060547,26.59000015258789,25.920000076293945,26.149999618530273,23.81119155883789,2988800
2021-07-20,26.299999237060547,27.079999923706055,26.049999237060547,27.040000915527344,24.62158966064453,1989900
2021-07-21,27.149999618530273,27.440000534057617,26.979999542236328,27.25,24.812808990478516,2147300
2021-07-22,27.170000076293945,27.170000076293945,26.81999969482422,26.940000534057617,24.530534744262695,1285200
2021-07-23,27.079999923706055,27.350000381469727,27.040000915527344,27.329999923706055,24.885652542114258,1256400
2021-07-26,27.3799991607666,27.639999389648438,27.15999984741211,27.40999984741211,24.958498001098633,1580300
2021-07-27,27.270000457763672,27.450000762939453,27.010000228881836,27.329999923706055,24.885652542114258,2454000
2021-07-28,27.360000610351562,27.479999542236328,26.690000534057617,26.829999923706055,24.43037223815918,2220200
2021-07-29,26.93000030517578,27.3799991607666,26.770000457763672,27.219999313354492,24.78548812866211,2657100
2021-07-30,26.469999313354492,26.610000610351562,24.6200008392334,24.75,22.53640365600586,9565400
2021-08-02,25.110000610351562,25.75,24.780000686645508,24.850000381469727,22.627458572387695,4370400
2021-08-03,25.0,25.360000610351562,24.579999923706055,25.219999313354492,22.96436882019043,2493000
2021-08-04,25.09000015258789,25.31999969482422,24.770000457763672,24.829999923706055,22.609249114990234,2297400
2021-08-05,25.049999237060547,25.440000534057617,25.020000457763672,25.290000915527344,23.02811050415039,1760900
2021-08-06,25.5,25.700000762939453,25.350000381469727,25.459999084472656,23.18290138244629,1407400
2021-08-09,25.420000076293945,25.420000076293945,25.049999237060547,25.239999771118164,22.982576370239258,1238400
2021-08-10,25.190000534057617,25.59000015258789,24.989999771118164,25.510000228881836,23.228431701660156,1237400
2021-08-11,25.6200008392334,25.989999771118164,25.329999923706055,25.81999969482422,23.51070213317871,1648500
2021-08-12,25.8799991607666,25.979999542236328,25.489999771118164,25.5,23.21932601928711,1314600
2021-08-13,25.6200008392334,25.809999465942383,25.420000076293945,25.670000076293945,23.374120712280273,1389600
2021-08-16,25.6299991607666,26.149999618530273,25.520000457763672,25.760000228881836,23.456071853637695,1859100
2021-08-17,25.520000457763672,25.600000381469727,24.719999313354492,25.100000381469727,22.855100631713867,1958300
2021-08-18,24.950000762939453,25.18000030517578,24.530000686645508,24.549999237060547,22.354291915893555,2494600
2021-08-19,24.299999237060547,24.530000686645508,23.940000534057617,24.09000015258789,21.9354305267334,2173500
2021-08-20,23.979999542236328,24.530000686645508,23.8700008392334,24.510000228881836,22.317869186401367,1562600
2021-08-23,24.729999542236328,24.799999237060547,24.469999313354492,24.639999389648438,22.436241149902344,1272700
2021-08-24,24.6200008392334,25.149999618530273,24.6200008392334,25.100000381469727,22.855100631713867,1804100
2021-08-25,25.100000381469727,25.559999465942383,24.959999084472656,25.34000015258789,23.07363510131836,1503000
2021-08-26,25.360000610351562,25.3799991607666,25.059999465942383,25.209999084472656,22.95526123046875,1736500
2021-08-27,25.329999923706055,25.719999313354492,25.329999923706055,25.540000915527344,23.255746841430664,1869000
2021-08-30,25.440000534057617,25.440000534057617,25.049999237060547,25.209999084472656,23.163862228393555,1506300
2021-08-31,25.229999542236328,25.450000762939453,25.149999618530273,25.40999984741211,23.34762954711914,2938300
2021-09-01,25.399999618530273,25.510000228881836,24.8700008392334,25.110000610351562,23.071983337402344,2219800
2021-09-02,25.15999984741211,25.520000457763672,25.1200008392334,25.510000228881836,23.439516067504883,1496900
2021-09-03,25.5,25.8799991607666,25.469999313354492,25.65999984741211,23.577341079711914,2313800
2021-09-07,25.579999923706055,25.790000915527344,25.459999084472656,25.579999923706055,23.50383186340332,2088000
2021-09-08,25.459999084472656,25.6200008392334,25.34000015258789,25.510000228881836,23.439516067504883,1972800
2021-09-09,25.59000015258789,26.010000228881836,25.510000228881836,25.6200008392334,23.540586471557617,1793000
2021-09-10,25.649999618530273,25.700000762939453,24.780000686645508,24.889999389648438,22.869834899902344,2741400
2021-09-13,25.100000381469727,25.25,24.829999923706055,25.049999237060547,23.016847610473633,2035100
2021-09-14,25.059999465942383,25.239999771118164,24.520000457763672,24.719999313354492,22.713632583618164,3020300
2021-09-15,24.700000762939453,25.489999771118164,24.610000610351562,25.309999465942383,23.255748748779297,2976500
2021-09-16,25.309999465942383,25.469999313354492,25.0,25.010000228881836,22.9800968170166,2337500
2021-09-17,24.829999923706055,25.059999465942383,24.68000030517578,24.809999465942383,22.796329498291016,4304500
2021-09-20,24.420000076293945,24.469999313354492,23.68000030517578,23.969999313354492,22.024507522583008,2385400
2021-09-21,24.18000030517578,24.290000915527344,23.610000610351562,23.670000076293945,21.748855590820312,1724100
2021-09-22,24.09000015258789,24.239999771118164,23.8799991607666,23.959999084472656,22.01531982421875,1564900
2021-09-23,24.049999237060547,24.469999313354492,23.93000030517578,24.110000610351562,22.15314292907715,2000000
2021-09-24,23.8799991607666,24.0,23.639999389648438,23.670000076293945,21.748855590820312,2347500
2021-09-27,23.709999084472656,24.280000686645508,23.68000030517578,24.100000381469727,22.14395523071289,1767000
2021-09-28,24.079999923706055,24.31999969482422,23.920000076293945,24.0,22.052072525024414,1954600
2021-09-29,24.0,24.09000015258789,23.809999465942383,23.899999618530273,21.960186004638672,1618600
2021-09-30,24.030000686645508,24.1299991607666,21.989999771118164,22.139999389648438,20.343034744262695,4972500
2021-10-01,22.489999771118164,22.709999084472656,21.899999618530273,22.559999465942383,20.72894859313965,3165800
2021-10-04,22.479999542236328,22.760000228881836,22.030000686645508,22.1200008392334,20.32465934753418,2675600
2021-10-05,22.139999389648438,22.479999542236328,21.8799991607666,22.200000762939453,20.398168563842773,2215900
2021-10-06,21.969999313354492,22.40999984741211,21.559999465942383,22.139999389648438,20.343034744262695,2536700
2021-10-07,22.309999465942383,22.690000534057617,22.25,22.489999771118164,20.664630889892578,1885200
2021-10-08,22.530000686645508,22.6200008392334,21.969999313354492,21.989999771118164,20.205209732055664,1253800
2021-10-11,22.09000015258789,22.450000762939453,22.049999237060547,22.139999389648438,20.343034744262695,2656800
2021-10-12,22.110000610351562,22.610000610351562,22.049999237060547,22.270000457763672,20.46248435974121,3168300
2021-10-13,22.329999923706055,22.469999313354492,22.0,22.219999313354492,20.41654396057129,3463800
2021-10-14,22.290000915527344,22.700000762939453,22.260000228881836,22.540000915527344,20.710569381713867,1776400
2021-10-15,22.75,22.8700008392334,22.520000457763672,22.59000015258789,20.756513595581055,1837600
2021-10-18,22.200000762939453,22.68000030517578,22.200000762939453,22.639999389648438,20.802453994750977,1698900
2021-10-19,22.780000686645508,22.940000534057617,22.600000381469727,22.829999923706055,20.977035522460938,2617500
2021-10-20,22.760000228881836,23.260000228881836,22.729999542236328,23.049999237060547,21.17917823791504,1749600
2021-10-21,22.920000076293945,23.270000457763672,22.780000686645508,23.25,21.362943649291992,1996900
2021-10-22,23.280000686645508,23.329999923706055,22.579999923706055,22.639999389648438,20.802453994750977,1924200
2021-10-25,22.670000076293945,22.739999771118164,22.3799991607666,22.469999313354492,20.646251678466797,2412800
2021-10-26,22.479999542236328,22.68000030517578,22.270000457763672,22.299999237060547,20.490047454833984,2510000
2021-10-27,22.31999969482422,22.420000076293945,21.670000076293945,21.729999542236328,19.966312408447266,3086500
2021-10-28,21.719999313354492,21.8700008392334,21.540000915527344,21.770000457763672,20.003067016601562,3820500
2021-10-29,22.530000686645508,23.450000762939453,21.829999923706055,22.889999389648438,21.032163619995117,4857200
2021-11-01,23.649999618530273,23.770000457763672,22.899999618530273,23.559999465942383,21.647783279418945,4450200
2021-11-02,23.709999084472656,24.31999969482422,23.229999542236328,23.8700008392334,21.9326229095459,3974100
2021-11-03,23.739999771118164,24.280000686645508,23.739999771118164,24.100000381469727,22.14395523071289,2911200
2021-11-04,24.229999542236328,24.270000457763672,23.59000015258789,23.739999771118164,21.813175201416016,1941500
2021-11-05,23.979999542236328,24.350000381469727,23.8799991607666,24.1299991607666,22.17152214050293,1948700
2021-11-08,24.239999771118164,24.479999542236328,24.149999618530273,24.420000076293945,22.43798065185547,2316300
2021-11-09,24.25,24.6200008392334,24.25,24.469999313354492,22.483922958374023,1711200
2021-11-10,24.350000381469727,24.700000762939453,24.06999969482422,24.110000610351562,22.15314292907715,1728600
2021-11-11,24.149999618530273,24.450000762939453,24.079999923706055,24.329999923706055,22.355287551879883,1106900
2021-11-12,24.399999618530273,24.729999542236328,24.219999313354492,24.260000228881836,22.29096794128418,1448300
2021-11-15,24.459999084472656,24.5,23.889999389648438,23.959999084472656,22.01531982421875,1485900
2021-11-16,23.969999313354492,24.100000381469727,23.6299991607666,23.649999618530273,21.730480194091797,2409000
2021-11-17,23.40999984741211,23.700000762939453,23.290000915527344,23.450000762939453,21.546714782714844,1693900
2021-11-18,23.459999084472656,23.700000762939453,22.510000228881836,22.68000030517578,20.83920669555664,3194000
2021-11-19,22.540000915527344,22.790000915527344,22.299999237060547,22.670000076293945,20.830018997192383,2039700
2021-11-22,22.68000030517578,23.260000228881836,22.6299991607666,23.030000686645508,21.160802841186523,1654500
2021-11-23,23.15999984741211,23.350000381469727,22.940000534057617,23.149999618530273,21.271060943603516,1897700
2021-11-24,22.950000762939453,23.270000457763672,22.81999969482422,22.989999771118164,21.124048233032227,2133600
2021-11-26,22.350000381469727,22.600000381469727,22.059999465942383,22.459999084472656,20.637060165405273,1436300
2021-11-29,22.43000030517578,22.479999542236328,21.889999389648438,22.350000381469727,20.748464584350586,3188600
2021-11-30,22.139999389648438,22.219999313354492,21.239999771118164,21.469999313354492,19.931522369384766,9812300
2021-12-01,21.84000015258789,22.030000686645508,20.860000610351562,20.8799991607666,19.383798599243164,3897300
2021-12-02,20.979999542236328,21.780000686645508,20.950000762939453,21.600000381469727,20.052209854125977,7104300
2021-12-03,21.760000228881836,21.809999465942383,21.520000457763672,21.75,20.19146156311035,2575100
2021-12-06,21.8700008392334,22.68000030517578,21.8700008392334,22.389999389648438,20.78559684753418,4417600
2021-12-07,22.6200008392334,22.809999465942383,22.399999618530273,22.709999084472656,21.08266830444336,4650100
2021-12-08,22.81999969482422,22.920000076293945,22.459999084472656,22.84000015258789,21.203353881835938,2766600
2021-12-09,22.719999313354492,22.989999771118164,22.43000030517578,22.780000686645508,21.147655487060547,2190200
2021-12-10,22.950000762939453,23.0,22.280000686645508,22.329999923706055,20.72989845275879,2053000
2021-12-13,22.350000381469727,22.399999618530273,21.920000076293945,22.260000228881836,20.664913177490234,2617000
2021-12-14,22.18000030517578,22.65999984741211,22.1200008392334,22.399999618530273,20.79488182067871,2802400
2021-12-15,22.329999923706055,22.600000381469727,21.959999084472656,22.530000686645508,20.91556739807129,3555800
2021-12-16,22.65999984741211,22.8700008392334,22.40999984741211,22.420000076293945,20.81344985961914,1891300
2021-12-17,22.40999984741211,22.450000762939453,21.719999313354492,21.75,20.19146156311035,5711000
2021-12-20,21.360000610351562,21.3700008392334,20.360000610351562,20.56999969482422,19.096012115478516,3913200
2021-12-21,20.8700008392334,21.780000686645508,20.760000228881836,21.43000030517578,19.894390106201172,5145300
2021-12-22,21.43000030517578,21.549999237060547,21.170000076293945,21.3700008392334,19.83869171142578,1854100
2021-12-23,21.43000030517578,21.56999969482422,21.350000381469727,21.40999984741211,19.875823974609375,2894100
2021-12-27,21.40999984741211,21.860000610351562,21.219999313354492,21.84000015258789,20.27501106262207,2094300
2021-12-28,21.790000915527344,21.979999542236328,21.6299991607666,21.739999771118164,20.182178497314453,2162600
2021-12-29,21.700000762939453,21.809999465942383,21.59000015258789,21.639999389648438,20.08934211730957,1872700
2021-12-30,21.739999771118164,21.889999389648438,21.549999237060547,21.600000381469727,20.052209854125977,3030000
2021-12-31,21.59000015258789,21.920000076293945,21.450000762939453,21.84000015258789,20.27501106262207,1912700
2022-01-03,21.860000610351562,22.139999389648438,21.760000228881836,22.110000610351562,20.525663375854492,2404600
2022-01-04,22.25,22.959999084472656,22.239999771118164,22.850000381469727,21.212636947631836,2547200
2022-01-05,22.950000762939453,23.290000915527344,22.90999984741211,23.040000915527344,21.389022827148438,4003200
2022-01-06,23.260000228881836,23.43000030517578,22.84000015258789,23.079999923706055,21.4261531829834,2852800
2022-01-07,23.09000015258789,23.34000015258789,23.079999923706055,23.139999389648438,21.481855392456055,2260300
2022-01-10,22.969999313354492,23.280000686645508,22.920000076293945,23.260000228881836,21.593257904052734,3957500
2022-01-11,23.309999465942383,23.31999969482422,22.979999542236328,23.06999969482422,21.416872024536133,2580500
2022-01-12,23.09000015258789,23.469999313354492,23.010000228881836,23.43000030517578,21.75107192993164,2577500
2022-01-13,23.549999237060547,24.0,23.43000030517578,23.68000030517578,21.98316192626953,3076000
2022-01-14,23.540000915527344,23.8700008392334,23.450000762939453,23.850000381469727,22.140979766845703,3124700
2022-01-18,23.889999389648438,23.920000076293945,23.559999465942383,23.65999984741211,21.964595794677734,2183900
2022-01-19,23.760000228881836,23.889999389648438,23.209999084472656,23.299999237060547,21.630388259887695,2759100
2022-01-20,23.299999237060547,23.56999969482422,23.0,23.06999969482422,21.416872024536133,2855200
2022-01-21,23.079999923706055,23.3700008392334,22.950000762939453,23.0,21.35188865661621,3186800
2022-01-24,22.229999542236328,23.459999084472656,22.139999389648438,23.40999984741211,21.73250961303711,3727500
2022-01-25,23.219999313354492,23.459999084472656,22.600000381469727,23.34000015258789,21.667524337768555,2992200
2022-01-26,23.510000228881836,23.790000915527344,23.06999969482422,23.309999465942383,21.639673233032227,3002600
2022-01-27,23.389999389648438,23.770000457763672,22.90999984741211,23.149999618530273,21.491138458251953,2962700
2022-01-28,22.950000762939453,23.0,22.25,23.0,21.35188865661621,3745100
2022-01-31,22.780000686645508,23.360000610351562,22.56999969482422,23.209999084472656,21.546838760375977,13593700
2022-02-01,23.15999984741211,23.600000381469727,23.149999618530273,23.459999084472656,21.7789249420166,6249600
2022-02-02,23.43000030517578,23.639999389648438,23.3700008392334,23.5,21.816059112548828,3006800
2022-02-03,23.5,23.56999969482422,23.270000457763672,23.31999969482422,21.648958206176758,4038400
2022-02-04,23.1299991607666,23.1299991607666,21.170000076293945,21.329999923706055,19.801555633544922,11503100
2022-02-07,21.3700008392334,22.200000762939453,21.170000076293945,21.959999084472656,20.386411666870117,5059500
2022-02-08,22.059999465942383,22.399999618530273,21.8799991607666,22.360000610351562,20.757749557495117,2485300
2022-02-09,22.440000534057617,22.940000534057617,22.440000534057617,22.780000686645508,21.147655487060547,3304900
2022-02-10,22.649999618530273,22.850000381469727,21.809999465942383,21.959999084472656,20.386411666870117,6184900
2022-02-11,22.670000076293945,25.1200008392334,22.5,24.389999389648438,22.642284393310547,8209400
2022-02-14,24.520000457763672,25.09000015258789,24.260000228881836,24.920000076293945,23.13430404663086,5187100
2022-02-15,25.100000381469727,26.09000015258789,25.079999923706055,26.049999237060547,24.183334350585938,5267000
2022-02-16,25.969999313354492,26.450000762939453,25.700000762939453,26.010000228881836,24.14620018005371,3749600
2022-02-17,25.760000228881836,26.34000015258789,25.579999923706055,25.920000076293945,24.062650680541992,3589400
2022-02-18,25.8799991607666,26.18000030517578,25.579999923706055,25.860000610351562,24.006948471069336,3486900
2022-02-22,25.770000457763672,25.850000381469727,24.850000381469727,25.110000610351562,23.310693740844727,4735400
2022-02-23,25.18000030517578,25.200000762939453,24.350000381469727,24.420000076293945,22.670135498046875,4595000
2022-02-24,23.8700008392334,24.209999084472656,23.450000762939453,23.8799991607666,22.1688289642334,4343700
2022-02-25,23.690000534057617,24.31999969482422,23.540000915527344,24.079999923706055,22.5718994140625,3560600
2022-02-28,23.770000457763672,24.020000457763672,23.520000457763672,23.75,22.2625675201416,4124800
2022-03-01,23.600000381469727,23.799999237060547,22.68000030517578,22.8700008392334,21.437681198120117,3164800
2022-03-02,22.920000076293945,23.81999969482422,22.8700008392334,23.68000030517578,22.196950912475586,3384800
2022-03-03,23.799999237060547,23.989999771118164,23.530000686645508,23.81999969482422,22.32818603515625,2509600
2022-03-04,23.479999542236328,23.68000030517578,22.93000030517578,23.149999618530273,21.700143814086914,3497000
2022-03-07,22.889999389648438,22.989999771118164,22.040000915527344,22.049999237060547,20.669034957885742,3484500
2022-03-08,22.1299991607666,22.920000076293945,21.889999389648438,22.1200008392334,20.73465347290039,3150400
2022-03-09,22.6200008392334,23.049999237060547,22.559999465942383,22.56999969482422,21.156469345092773,2497700
2022-03-10,22.170000076293945,22.229999542236328,21.649999618530273,21.959999084472656,20.584671020507812,3037800
2022-03-11,22.1299991607666,22.209999084472656,21.559999465942383,21.579999923706055,20.228471755981445,1929500
2022-03-14,21.75,21.8700008392334,21.1299991607666,21.3799991607666,20.040998458862305,2802500
2022-03-15,21.469999313354492,21.959999084472656,21.440000534057617,21.940000534057617,20.56592559814453,2623100
2022-03-16,22.170000076293945,22.530000686645508,21.969999313354492,22.469999313354492,21.062732696533203,2808800
2022-03-17,22.229999542236328,22.709999084472656,21.93000030517578,22.700000762939453,21.278329849243164,1813600
2022-03-18,22.420000076293945,22.520000457763672,21.920000076293945,22.389999389648438,20.987741470336914,5818600
2022-03-21,22.440000534057617,22.780000686645508,22.049999237060547,22.229999542236328,20.837764739990234,1805100
2022-03-22,22.40999984741211,22.540000915527344,22.079999923706055,22.229999542236328,20.837764739990234,2019100
2022-03-23,22.110000610351562,22.200000762939453,21.959999084472656,21.989999771118164,20.61279296875,1913200
2022-03-24,21.950000762939453,22.110000610351562,21.700000762939453,21.8799991607666,20.50968360900879,2228100
2022-03-25,21.860000610351562,22.729999542236328,21.84000015258789,22.309999465942383,20.912752151489258,2272700
2022-03-28,22.190000534057617,22.31999969482422,21.950000762939453,22.200000762939453,20.809642791748047,1847600
2022-03-29,22.510000228881836,22.940000534057617,22.5,22.809999465942383,21.381437301635742,2077400
2022-03-30,22.649999618530273,22.68000030517578,22.0,22.229999542236328,20.837764739990234,2561200
2022-03-31,22.020000457763672,22.149999618530273,21.3799991607666,21.40999984741211,20.06911849975586,4432000
2022-04-01,21.5,21.6299991607666,20.8799991607666,21.399999618530273,20.05974578857422,3638600
2022-04-04,21.309999465942383,21.829999923706055,21.020000457763672,21.75,20.387826919555664,2577600
2022-04-05,21.639999389648438,22.030000686645508,21.350000381469727,21.489999771118164,20.14411163330078,3974600
2022-04-06,21.34000015258789,21.989999771118164,21.280000686645508,21.8799991607666,20.50968360900879,4793700
2022-04-07,21.889999389648438,21.979999542236328,21.200000762939453,21.809999465942383,20.44406509399414,4231500
2022-04-08,22.149999618530273,22.280000686645508,21.700000762939453,22.100000381469727,20.715906143188477,2322400
2022-04-11,22.079999923706055,22.6299991607666,21.969999313354492,22.18000030517578,20.790895462036133,2754400
2022-04-12,22.219999313354492,22.639999389648438,22.06999969482422,22.25,20.856510162353516,2239900
2022-04-13,22.059999465942383,22.510000228881836,22.0,22.459999084472656,21.053356170654297,2174000
2022-04-14,22.520000457763672,22.729999542236328,22.34000015258789,22.40999984741211,21.00649070739746,1892500
2022-04-18,22.260000228881836,22.649999618530273,22.260000228881836,22.5,21.090852737426758,2200900
2022-04-19,22.59000015258789,22.969999313354492,22.5,22.8700008392334,21.437681198120117,1902200
2022-04-20,23.0,23.40999984741211,22.989999771118164,23.209999084472656,21.756385803222656,1877000
2022-04-21,23.290000915527344,23.510000228881836,23.239999771118164,23.360000610351562,21.896991729736328,1758200
2022-04-22,23.200000762939453,23.209999084472656,22.670000076293945,22.719999313354492,21.297073364257812,1851500
2022-04-25,22.65999984741211,23.299999237060547,22.309999465942383,23.270000457763672,21.81262969970703,2364300
2022-04-26,23.110000610351562,23.360000610351562,22.6200008392334,22.6299991607666,21.212711334228516,2285900
2022-04-27,22.610000610351562,22.809999465942383,22.260000228881836,22.56999969482422,21.156469345092773,2146300
2022-04-28,22.700000762939453,23.110000610351562,22.489999771118164,23.030000686645508,21.587661743164062,3027800
2022-04-29,23.15999984741211,24.200000762939453,23.06999969482422,23.149999618530273,21.700143814086914,4275500
2022-05-02,23.299999237060547,23.450000762939453,22.020000457763672,22.43000030517578,21.025238037109375,3955000
2022-05-03,22.600000381469727,23.549999237060547,22.389999389648438,23.40999984741211,21.94386100769043,4835000
2022-05-04,23.3700008392334,23.389999389648438,22.610000610351562,23.280000686645508,21.822004318237305,3284800
2022-05-05,23.049999237060547,23.15999984741211,22.34000015258789,22.59000015258789,21.175216674804688,3027100
2022-05-06,22.420000076293945,22.690000534057617,22.219999313354492,22.479999542236328,21.072105407714844,2740400
2022-05-09,22.149999618530273,24.700000762939453,22.049999237060547,24.260000228881836,22.74062728881836,12023100
2022-05-10,24.479999542236328,24.479999542236328,22.600000381469727,22.6200008392334,21.203338623046875,5527900
2022-05-11,22.459999084472656,23.06999969482422,21.739999771118164,21.790000915527344,20.42531967163086,3256200
2022-05-12,21.780000686645508,22.299999237060547,21.719999313354492,22.170000076293945,20.78152084350586,2407500
2022-05-13,22.170000076293945,22.829999923706055,22.09000015258789,22.690000534057617,21.268957138061523,2378200
2022-05-16,22.670000076293945,22.75,22.219999313354492,22.59000015258789,21.175216674804688,1631600
2022-05-17,22.75,23.1200008392334,22.6200008392334,23.06999969482422,21.625154495239258,2080300
2022-05-18,22.739999771118164,22.739999771118164,20.6299991607666,20.670000076293945,19.375463485717773,4983800
2022-05-19,20.5,20.5,19.510000228881836,19.670000076293945,18.438091278076172,4777800
2022-05-20,19.639999389648438,19.670000076293945,18.899999618530273,19.450000762939453,18.231870651245117,4389500
2022-05-23,19.559999465942383,19.84000015258789,19.389999389648438,19.59000015258789,18.36310386657715,2957000
2022-05-24,19.3799991607666,19.3799991607666,18.670000076293945,18.829999923706055,17.65070152282715,4479900
2022-05-25,18.780000686645508,20.399999618530273,18.700000762939453,20.360000610351562,19.08487892150879,5165700
2022-05-26,20.440000534057617,21.700000762939453,20.420000076293945,21.209999084472656,19.88164520263672,4935800
2022-05-27,20.780000686645508,21.8799991607666,20.780000686645508,21.8799991607666,20.734525680541992,3054800
2022-05-31,21.65999984741211,21.860000610351562,21.280000686645508,21.440000534057617,20.31756019592285,9224600
2022-06-01,21.610000610351562,21.81999969482422,20.860000610351562,21.489999771118164,20.364944458007812,3673500
2022-06-02,21.479999542236328,21.6200008392334,21.100000381469727,21.56999969482422,20.44075584411621,2415400
2022-06-03,21.450000762939453,21.600000381469727,21.06999969482422,21.1200008392334,20.01431655883789,1695400
2022-06-06,21.209999084472656,21.5,20.90999984741211,21.389999389648438,20.270177841186523,1800200
2022-06-07,21.049999237060547,21.170000076293945,20.3799991607666,21.139999389648438,20.033267974853516,2886800
2022-06-08,21.0,21.0,20.360000610351562,20.579999923706055,19.502586364746094,2043300
2022-06-09,20.450000762939453,20.56999969482422,19.920000076293945,19.979999542236328,18.933996200561523,3631000
2022-06-10,19.59000015258789,19.770000457763672,19.1299991607666,19.139999389648438,18.137971878051758,3435000
2022-06-13,18.90999984741211,19.0,18.40999984741211,18.639999389648438,17.664148330688477,3282800
2022-06-14,18.649999618530273,18.690000534057617,18.219999313354492,18.469999313354492,17.503047943115234,6018400
2022-06-15,18.639999389648438,19.040000915527344,18.520000457763672,18.719999313354492,17.739961624145508,4933600
2022-06-16,18.399999618530273,18.40999984741211,17.399999618530273,17.860000610351562,16.924983978271484,5549200
2022-06-17,17.829999923706055,18.25,17.770000457763672,18.110000610351562,17.161897659301758,7368300
2022-06-21,18.309999465942383,18.549999237060547,18.18000030517578,18.309999465942383,17.351425170898438,5520300
2022-06-22,17.920000076293945,18.43000030517578,17.84000015258789,18.270000457763672,17.313520431518555,3804900
2022-06-23,18.31999969482422,19.520000457763672,18.31999969482422,19.459999084472656,18.441219329833984,4650600
2022-06-24,19.479999542236328,20.170000076293945,19.309999465942383,20.030000686645508,18.981380462646484,5230900
2022-06-27,20.0,20.100000381469727,19.600000381469727,19.690000534057617,18.659181594848633,2691700
2022-06-28,19.81999969482422,20.200000762939453,19.40999984741211,19.420000076293945,18.4033145904541,2851800
2022-06-29,19.360000610351562,19.3799991607666,19.040000915527344,19.290000915527344,18.280122756958008,2271200
2022-06-30,19.06999969482422,19.600000381469727,18.760000228881836,19.040000915527344,18.043209075927734,4287000
2022-07-01,19.059999465942383,19.65999984741211,19.040000915527344,19.510000228881836,18.488601684570312,2062400
2022-07-05,19.299999237060547,20.010000228881836,19.15999984741211,20.0,18.95294952392578,2819000
2022-07-06,19.950000762939453,20.09000015258789,19.329999923706055,19.479999542236328,18.460172653198242,2176400
2022-07-07,19.479999542236328,19.56999969482422,19.040000915527344,19.389999389648438,18.3748836517334,3421300
2022-07-08,19.479999542236328,19.540000915527344,19.110000610351562,19.31999969482422,18.308547973632812,2340400
2022-07-11,19.190000534057617,19.329999923706055,18.84000015258789,18.8799991607666,17.891582489013672,2492200
2022-07-12,18.84000015258789,19.360000610351562,18.809999465942383,19.09000015258789,18.09058952331543,2461600
2022-07-13,18.809999465942383,19.200000762939453,18.530000686645508,19.170000076293945,18.166404724121094,2514100
2022-07-14,18.809999465942383,18.979999542236328,18.68000030517578,18.90999984741211,17.920015335083008,2026400
2022-07-15,19.190000534057617,19.3799991607666,18.889999389648438,19.0,18.00530242919922,2312600
2022-07-18,19.1200008392334,19.639999389648438,19.1200008392334,19.43000030517578,18.412792205810547,2403000
2022-07-19,19.59000015258789,19.899999618530273,19.56999969482422,19.799999237060547,18.7634220123291,2529300
2022-07-20,19.850000381469727,19.959999084472656,19.600000381469727,19.93000030517578,18.886615753173828,2266300
2022-07-21,19.81999969482422,20.06999969482422,19.68000030517578,20.020000457763672,18.971904754638672,1737900
2022-07-22,20.100000381469727,20.299999237060547,19.989999771118164,20.190000534057617,19.13300132751465,1861900
2022-07-25,20.190000534057617,20.229999542236328,19.889999389648438,20.0,18.95294952392578,1717300
2022-07-26,20.040000915527344,20.059999465942383,19.329999923706055,19.790000915527344,18.753944396972656,3253000
2022-07-27,19.690000534057617,20.110000610351562,19.239999771118164,20.09000015258789,19.038238525390625,4546800
2022-07-28,20.229999542236328,20.8799991607666,20.09000015258789,20.690000534057617,19.606826782226562,5350300
2022-07-29,20.43000030517578,20.8799991607666,20.040000915527344,20.209999084472656,19.151952743530273,5758000
2022-08-01,20.010000228881836,20.299999237060547,19.420000076293945,20.280000686645508,19.218290328979492,2992900
2022-08-02,20.280000686645508,20.309999465942383,19.760000228881836,19.799999237060547,18.7634220123291,3134000
2022-08-03,20.040000915527344,20.31999969482422,19.540000915527344,19.809999465942383,18.772897720336914,2816800
2022-08-04,19.719999313354492,19.950000762939453,19.540000915527344,19.56999969482422,18.545461654663086,2474200
2022-08-05,19.420000076293945,19.950000762939453,19.360000610351562,19.920000076293945,18.877140045166016,1916000
2022-08-08,20.1299991607666,20.56999969482422,20.100000381469727,20.31999969482422,19.256195068359375,2110100
2022-08-09,20.34000015258789,20.389999389648438,19.760000228881836,19.889999389648438,18.84870719909668,1729100
2022-08-10,20.260000228881836,20.649999618530273,20.25,20.510000228881836,19.436250686645508,1912400
2022-08-11,20.68000030517578,21.059999465942383,20.6299991607666,20.75,19.663686752319336,1661100
2022-08-12,20.81999969482422,21.1200008392334,20.729999542236328,21.079999923706055,19.976409912109375,1786700
2022-08-15,21.0,21.219999313354492,20.850000381469727,21.100000381469727,19.995363235473633,1691300
2022-08-16,21.0,21.549999237060547,21.0,21.420000076293945,20.298608779907227,1792600
2022-08-17,21.25,21.34000015258789,20.8799991607666,21.100000381469727,19.995363235473633,1577800
2022-08-18,21.06999969482422,21.15999984741211,20.850000381469727,21.149999618530273,20.04274559020996,1083600
2022-08-19,20.989999771118164,21.09000015258789,20.68000030517578,20.84000015258789,19.748973846435547,1689500
2022-08-22,20.6299991607666,20.639999389648438,20.399999618530273,20.5,19.426774978637695,2355900
2022-08-23,20.559999465942383,20.809999465942383,20.489999771118164,20.770000457763672,19.68263816833496,2663900
2022-08-24,20.700000762939453,20.709999084472656,19.90999984741211,20.059999465942383,19.009809494018555,2405100
2022-08-25,20.040000915527344,20.489999771118164,20.010000228881836,20.31999969482422,19.256195068359375,1285700
2022-08-26,20.40999984741211,20.549999237060547,19.540000915527344,19.559999465942383,18.53598403930664,1686000
2022-08-29,19.520000457763672,19.520000457763672,19.110000610351562,19.1200008392334,18.119020462036133,2576700
2022-08-30,18.920000076293945,19.010000228881836,18.469999313354492,18.530000686645508,17.773714065551758,2750000
2022-08-31,18.56999969482422,18.56999969482422,17.81999969482422,17.850000381469727,17.12146759033203,5213300
2022-09-01,17.719999313354492,17.799999237060547,17.139999389648438,17.459999084472656,16.74738311767578,5215200
2022-09-02,17.510000228881836,17.950000762939453,17.3799991607666,17.520000457763672,16.8049373626709,2937900
2022-09-06,17.520000457763672,17.56999969482422,16.989999771118164,17.079999923706055,16.382892608642578,3096600
2022-09-07,16.479999542236328,17.290000915527344,16.479999542236328,17.209999084472656,16.507587432861328,6618100
2022-09-08,17.059999465942383,17.469999313354492,16.809999465942383,17.440000534057617,16.728200912475586,3774400
2022-09-09,17.540000915527344,18.209999084472656,17.540000915527344,18.15999984741211,17.418813705444336,2596900
2022-09-12,18.299999237060547,18.540000915527344,18.110000610351562,18.18000030517578,17.437999725341797,3114500
2022-09-13,17.770000457763672,17.829999923706055,17.139999389648438,17.239999771118164,16.53636360168457,3636000
2022-09-14,17.280000686645508,17.40999984741211,16.68000030517578,16.989999771118164,16.296566009521484,3052100
2022-09-15,16.989999771118164,17.260000228881836,16.65999984741211,16.719999313354492,16.037588119506836,3049500
2022-09-16,16.540000915527344,16.6200008392334,16.079999923706055,16.299999237060547,15.63472843170166,9881800
2022-09-19,16.170000076293945,16.559999465942383,16.1200008392334,16.489999771118164,15.816974639892578,3161400
2022-09-20,16.280000686645508,16.280000686645508,15.420000076293945,15.609999656677246,14.97288990020752,3625900
2022-09-21,15.75,16.06999969482422,15.1899995803833,15.210000038146973,14.589216232299805,3328500
2022-09-22,15.289999961853027,15.289999961853027,14.770000457763672,14.8100004196167,14.20554256439209,3188200
2022-09-23,14.630000114440918,14.65999984741211,14.1899995803833,14.630000114440918,14.03288745880127,3855500
2022-09-26,14.529999732971191,14.789999961853027,14.270000457763672,14.289999961853027,13.706765174865723,2728100
2022-09-27,14.430000305175781,14.539999961853027,14.069999694824219,14.229999542236328,13.649212837219238,3083800
2022-09-28,14.34000015258789,14.520000457763672,14.270000457763672,14.430000305175781,13.84105110168457,2525000
2022-09-29,14.149999618530273,14.260000228881836,13.729999542236328,13.970000267028809,13.399826049804688,2668600
2022-09-30,13.989999771118164,14.239999771118164,13.869999885559082,13.890000343322754,13.323090553283691,3593600
2022-10-03,14.130000114440918,14.239999771118164,13.869999885559082,13.949999809265137,13.38064193725586,5478800
2022-10-04,14.199999809265137,14.739999771118164,14.15999984741211,14.670000076293945,14.071255683898926,3895500
2022-10-05,14.300000190734863,14.569999694824219,14.09000015258789,14.489999771118164,13.898602485656738,3040600
2022-10-06,14.399999618530273,14.600000381469727,14.260000228881836,14.380000114440918,13.793092727661133,2634900
2022-10-07,14.180000305175781,14.25,13.890000343322754,13.960000038146973,13.390233039855957,2832700
2022-10-10,14.020000457763672,14.220000267028809,13.949999809265137,14.069999694824219,13.495743751525879,2573500
2022-10-11,13.920000076293945,14.380000114440918,13.920000076293945,14.170000076293945,13.591663360595703,2646700
2022-10-12,14.170000076293945,14.359999656677246,14.0600004196167,14.239999771118164,13.658805847167969,2076100
2022-10-13,13.899999618530273,14.8100004196167,13.84000015258789,14.640000343322754,14.042481422424316,4484100
2022-10-14,14.789999961853027,14.8100004196167,14.5,14.640000343322754,14.042481422424316,3368600
2022-10-17,14.90999984741211,15.079999923706055,14.850000381469727,14.90999984741211,14.301460266113281,3560300
2022-10-18,15.1899995803833,15.3100004196167,15.010000228881836,15.220000267028809,14.598808288574219,1991800
2022-10-19,15.010000228881836,15.079999923706055,14.84000015258789,15.029999732971191,14.416563034057617,2785200
2022-10-20,15.069999694824219,15.069999694824219,14.600000381469727,14.729999542236328,14.128806114196777,3045500
2022-10-21,14.680000305175781,15.109999656677246,14.579999923706055,15.020000457763672,14.406970977783203,2716100
2022-10-24,15.1899995803833,15.34000015258789,14.949999809265137,15.3100004196167,14.685135841369629,2516400
2022-10-25,15.270000457763672,15.829999923706055,15.229999542236328,15.720000267028809,15.078401565551758,4279100
2022-10-26,15.779999732971191,15.9399995803833,15.579999923706055,15.739999771118164,15.097583770751953,3103800
2022-10-27,15.890000343322754,16.020000457763672,15.640000343322754,15.670000076293945,15.030441284179688,4955800
2022-10-28,15.050000190734863,15.65999984741211,14.779999732971191,15.050000190734863,14.435747146606445,8476800
2022-10-31,14.430000305175781,14.640000343322754,13.699999809265137,13.8100004196167,13.246356964111328,12373800
2022-11-01,14.0,14.210000038146973,13.359999656677246,13.359999656677246,12.814722061157227,6497400
2022-11-02,13.359999656677246,13.359999656677246,12.850000381469727,12.859999656677246,12.335129737854004,5591400
2022-11-03,12.6899995803833,12.789999961853027,12.25,12.710000038146973,12.191251754760742,5568500
2022-11-04,12.920000076293945,13.449999809265137,12.829999923706055,13.109999656677246,12.574925422668457,5693100
2022-11-07,13.1899995803833,13.25,12.84000015258789,13.140000343322754,12.603702545166016,3898200
2022-11-08,13.180000305175781,13.319999694824219,12.729999542236328,12.869999885559082,12.344721794128418,3371300
2022-11-09,12.779999732971191,12.850000381469727,12.569999694824219,12.579999923706055,12.066557884216309,3542500
2022-11-10,12.989999771118164,13.670000076293945,12.989999771118164,13.449999809265137,12.901049613952637,5457000
2022-11-11,13.520000457763672,14.239999771118164,13.479999542236328,14.119999885559082,13.54370403289795,4154300
2022-11-14,13.989999771118164,14.100000381469727,13.630000114440918,13.640000343322754,13.083294868469238,4116100
2022-11-15,14.0,14.15999984741211,13.739999771118164,13.970000267028809,13.399826049804688,3554400
2022-11-16,13.729999542236328,13.829999923706055,13.029999732971191,13.069999694824219,12.536558151245117,6259600
2022-11-17,12.930000305175781,13.270000457763672,12.880000114440918,13.15999984741211,12.622884750366211,3813300
2022-11-18,13.369999885559082,13.600000381469727,13.25,13.350000381469727,12.805130958557129,3586200
2022-11-21,13.279999732971191,13.34000015258789,13.0,13.050000190734863,12.517375946044922,3154800
2022-11-22,13.15999984741211,13.199999809265137,12.970000267028809,13.0600004196167,12.52696704864502,3421700
2022-11-23,13.039999961853027,13.229999542236328,13.010000228881836,13.180000305175781,12.642069816589355,2233100
2022-11-25,13.180000305175781,13.430000305175781,13.140000343322754,13.350000381469727,12.805130958557129,1691500
2022-11-28,13.199999809265137,13.359999656677246,12.920000076293945,13.119999885559082,12.584517478942871,5037500
2022-11-29,13.0,13.079999923706055,12.729999542236328,12.869999885559082,12.56499195098877,5726400
2022-11-30,12.859999656677246,12.989999771118164,12.4399995803833,12.970000267028809,12.662622451782227,7601800
2022-12-01,12.979999542236328,13.380000114440918,12.770000457763672,12.84000015258789,12.5357027053833,5266000
2022-12-02,12.710000038146973,13.010000228881836,12.489999771118164,12.989999771118164,12.682147979736328,4209800
2022-12-05,12.869999885559082,12.869999885559082,12.520000457763672,12.59000015258789,12.291627883911133,4463400
2022-12-06,12.569999694824219,12.779999732971191,12.489999771118164,12.75,12.447835922241211,5185500
2022-12-07,12.789999961853027,13.020000457763672,12.680000305175781,12.8100004196167,12.506414413452148,4001200
2022-12-08,12.84000015258789,13.3100004196167,12.8100004196167,13.300000190734863,12.98480224609375,4655100
2022-12-09,13.25,13.699999809265137,13.220000267028809,13.4399995803833,13.121482849121094,4880100
2022-12-12,13.369999885559082,13.680000305175781,13.210000038146973,13.619999885559082,13.297218322753906,4188000
2022-12-13,14.050000190734863,14.350000381469727,13.779999732971191,13.829999923706055,13.502241134643555,7104800
2022-12-14,13.800000190734863,13.930000305175781,13.479999542236328,13.65999984741211,13.336270332336426,3664500
2022-12-15,13.569999694824219,13.630000114440918,13.119999885559082,13.199999809265137,12.887170791625977,4045800
2022-12-16,13.0,13.3100004196167,12.960000038146973,13.069999694824219,12.760251998901367,19006200
2022-12-19,12.989999771118164,13.069999694824219,12.640000343322754,12.760000228881836,12.457598686218262,4447000
2022-12-20,12.710000038146973,12.729999542236328,12.520000457763672,12.609999656677246,12.311153411865234,3586400
2022-12-21,12.760000228881836,12.930000305175781,12.739999771118164,12.890000343322754,12.584518432617188,3302800
2022-12-22,12.8100004196167,12.90999984741211,12.479999542236328,12.890000343322754,12.584518432617188,3926600
2022-12-23,12.890000343322754,13.0,12.729999542236328,12.989999771118164,12.682147979736328,2151400
2022-12-27,12.979999542236328,13.119999885559082,12.8100004196167,13.039999961853027,12.730962753295898,3217200
2022-12-28,13.039999961853027,13.180000305175781,12.869999885559082,12.920000076293945,12.61380672454834,3671400
2022-12-29,13.010000228881836,13.229999542236328,12.960000038146973,13.140000343322754,12.828594207763672,2613200
2022-12-30,12.989999771118164,13.220000267028809,12.899999618530273,13.079999923706055,12.770014762878418,3461300
2023-01-03,13.199999809265137,13.550000190734863,13.180000305175781,13.460000038146973,13.141010284423828,3725800
2023-01-04,13.640000343322754,14.390000343322754,13.600000381469727,14.220000267028809,13.8829984664917,4878800
2023-01-05,14.109999656677246,14.180000305175781,13.829999923706055,14.109999656677246,13.775605201721191,3426500
2023-01-06,14.149999618530273,14.470000267028809,14.0600004196167,14.399999618530273,14.058732032775879,3235600
2023-01-09,14.390000343322754,14.819999694824219,14.289999961853027,14.529999732971191,14.185651779174805,2953900
2023-01-10,14.430000305175781,14.680000305175781,14.319999694824219,14.65999984741211,14.312570571899414,2221900
2023-01-11,14.770000457763672,14.859999656677246,14.600000381469727,14.84000015258789,14.48830509185791,3076500
2023-01-12,14.979999542236328,15.1899995803833,14.84000015258789,15.140000343322754,14.781195640563965,3392600
2023-01-13,14.989999771118164,15.449999809265137,14.989999771118164,15.40999984741211,15.04479694366455,2465500
2023-01-17,15.350000381469727,15.649999618530273,15.350000381469727,15.569999694824219,15.201004028320312,4033300
2023-01-18,15.609999656677246,15.670000076293945,15.0600004196167,15.079999923706055,14.722616195678711,3144500
2023-01-19,14.970000267028809,15.010000228881836,14.470000267028809,14.829999923706055,14.478541374206543,3520700
2023-01-20,14.800000190734863,15.079999923706055,14.720000267028809,15.050000190734863,14.693328857421875,3321700
2023-01-23,15.40999984741211,16.229999542236328,15.34000015258789,15.970000267028809,15.591525077819824,4813600
2023-01-24,15.930000305175781,16.0,15.670000076293945,15.75,15.376738548278809,3711100
2023-01-25,15.569999694824219,15.800000190734863,15.289999961853027,15.75,15.376738548278809,2991500
2023-01-26,15.869999885559082,15.9399995803833,15.600000381469727,15.819999694824219,15.445079803466797,2562100
2023-01-27,15.760000228881836,16.100000381469727,15.670000076293945,15.84000015258789,15.464605331420898,2885200
2023-01-30,15.670000076293945,16.100000381469727,15.630000114440918,15.720000267028809,15.34744930267334,3578100
2023-01-31,15.739999771118164,15.979999542236328,15.630000114440918,15.960000038146973,15.581762313842773,8892500
2023-02-01,15.970000267028809,16.360000610351562,15.760000228881836,16.200000762939453,15.816075325012207,2980400
2023-02-02,16.31999969482422,16.760000228881836,16.260000228881836,16.469999313354492,16.079673767089844,3344100
2023-02-03,16.219999313354492,16.40999984741211,16.049999237060547,16.1200008392334,15.737971305847168,3215400
2023-02-06,15.920000076293945,15.920000076293945,15.4399995803833,15.520000457763672,15.152189254760742,3444000
2023-02-07,15.4399995803833,15.550000190734863,15.180000305175781,15.40999984741211,15.04479694366455,2818500
2023-02-08,15.390000343322754,15.5,15.100000381469727,15.130000114440918,14.771432876586914,2941100
2023-02-09,15.239999771118164,15.359999656677246,14.460000038146973,14.600000381469727,14.253993034362793,6312400
2023-02-10,13.930000305175781,14.949999809265137,13.460000038146973,14.770000457763672,14.419964790344238,11010600
2023-02-13,14.699999809265137,14.829999923706055,14.25,14.760000228881836,14.410201072692871,6038000
2023-02-14,14.720000267028809,15.100000381469727,14.5600004196167,14.899999618530273,14.546882629394531,6128100
2023-02-15,14.760000228881836,15.029999732971191,14.760000228881836,15.010000228881836,14.654276847839355,4256600
2023-02-16,14.859999656677246,15.609999656677246,14.739999771118164,15.300000190734863,14.937403678894043,5060500
2023-02-17,15.1899995803833,15.289999961853027,14.770000457763672,14.899999618530273,14.546882629394531,7488700
2023-02-21,14.739999771118164,14.739999771118164,14.130000114440918,14.270000457763672,13.93181324005127,5650300
2023-02-22,14.25,14.420000076293945,14.119999885559082,14.180000305175781,13.84394645690918,4592400
2023-02-23,14.65999984741211,15.390000343322754,14.640000343322754,14.819999694824219,14.468778610229492,7414000
2023-02-24,14.609999656677246,14.710000038146973,14.40999984741211,14.550000190734863,14.205177307128906,3176700
2023-02-27,14.699999809265137,14.8100004196167,14.300000190734863,14.420000076293945,14.304375648498535,6426600
2023-02-28,14.479999542236328,14.729999542236328,14.380000114440918,14.6899995803833,14.572210311889648,6409300
2023-03-01,14.600000381469727,14.600000381469727,14.210000038146973,14.4399995803833,14.324214935302734,4072700
2023-03-02,14.430000305175781,14.449999809265137,14.210000038146973,14.390000343322754,14.274617195129395,5895800
2023-03-03,14.569999694824219,14.579999923706055,14.34000015258789,14.529999732971191,14.413493156433105,7939800
2023-03-06,14.600000381469727,14.600000381469727,13.449999809265137,13.479999542236328,13.371912956237793,6619500
2023-03-07,13.460000038146973,13.819999694824219,13.229999542236328,13.359999656677246,13.252875328063965,6172200
2023-03-08,13.380000114440918,13.539999961853027,13.229999542236328,13.449999809265137,13.342153549194336,3940100
2023-03-09,13.430000305175781,13.449999809265137,13.0,13.020000457763672,12.91560173034668,4212300
2023-03-10,12.949999809265137,12.989999771118164,12.149999618530273,12.239999771118164,12.141855239868164,6592700
2023-03-13,12.020000457763672,12.260000228881836,11.779999732971191,11.819999694824219,11.725223541259766,6300500
2023-03-14,12.239999771118164,12.479999542236328,12.0600004196167,12.180000305175781,12.082337379455566,4841700
2023-03-15,12.079999923706055,12.229999542236328,11.75,12.199999809265137,12.102176666259766,5139500
2023-03-16,11.949999809265137,12.109999656677246,11.680000305175781,11.760000228881836,11.665704727172852,5440300
2023-03-17,11.649999618530273,11.680000305175781,11.34000015258789,11.390000343322754,11.29867172241211,11540700
2023-03-20,11.449999809265137,11.670000076293945,11.25,11.390000343322754,11.29867172241211,4228600
2023-03-21,11.640000343322754,11.75,11.529999732971191,11.680000305175781,11.586346626281738,3831000
2023-03-22,11.649999618530273,11.989999771118164,11.510000228881836,11.520000457763672,11.427629470825195,5053100
2023-03-23,11.600000381469727,11.720000267028809,11.369999885559082,11.520000457763672,11.427629470825195,4206200
2023-03-24,11.470000267028809,11.65999984741211,11.369999885559082,11.630000114440918,11.536746978759766,5023600
2023-03-27,11.779999732971191,11.869999885559082,11.520000457763672,11.770000457763672,11.67562484741211,4332600
2023-03-28,11.729999542236328,11.869999885559082,11.680000305175781,11.789999961853027,11.695464134216309,3841700
2023-03-29,11.989999771118164,12.15999984741211,11.890000343322754,12.100000381469727,12.002978324890137,4552000
2023-03-30,12.25,12.359999656677246,12.0,12.039999961853027,11.943459510803223,2997800
2023-03-31,12.1899995803833,12.460000038146973,12.0600004196167,12.4399995803833,12.340251922607422,3957100
2023-04-03,12.40999984741211,12.5600004196167,12.350000381469727,12.449999809265137,12.35017204284668,4398400
2023-04-04,12.5,12.5600004196167,12.0,12.180000305175781,12.082337379455566,5362100
2023-04-05,12.069999694824219,12.149999618530273,11.880000114440918,12.039999961853027,11.943459510803223,3450800
2023-04-06,12.149999618530273,12.289999961853027,12.039999961853027,12.140000343322754,12.042657852172852,3160500
2023-04-10,12.140000343322754,12.210000038146973,11.9399995803833,12.210000038146973,12.112096786499023,3031700
2023-04-11,12.3100004196167,12.699999809265137,12.300000190734863,12.579999923706055,12.479129791259766,3306300
2023-04-12,12.75,12.75,12.199999809265137,12.210000038146973,12.112096786499023,3566000
2023-04-13,12.279999732971191,12.390000343322754,12.210000038146973,12.319999694824219,12.221214294433594,2620600
2023-04-14,12.399999618530273,12.59000015258789,12.260000228881836,12.420000076293945,12.320412635803223,2559800
2023-04-17,12.430000305175781,12.6899995803833,12.40999984741211,12.649999618530273,12.548567771911621,3572500
2023-04-18,12.680000305175781,12.739999771118164,12.5,12.569999694824219,12.469209671020508,2555700
2023-04-19,12.59000015258789,12.59000015258789,12.380000114440918,12.529999732971191,12.429530143737793,2836500
2023-04-20,12.420000076293945,12.529999732971191,12.279999732971191,12.3100004196167,12.211295127868652,3272000
2023-04-21,12.34000015258789,12.380000114440918,12.199999809265137,12.229999542236328,12.131935119628906,2766100
2023-04-24,12.260000228881836,12.329999923706055,12.100000381469727,12.239999771118164,12.141855239868164,3587400
2023-04-25,12.109999656677246,12.119999885559082,11.869999885559082,11.899999618530273,11.804581642150879,3648600
2023-04-26,11.880000114440918,12.119999885559082,11.770000457763672,11.859999656677246,11.764902114868164,4017100
2023-04-27,11.8100004196167,11.960000038146973,11.550000190734863,11.880000114440918,11.78474235534668,10397000
2023-04-28,12.050000190734863,12.319999694824219,11.800000190734863,12.149999618530273,12.052577018737793,7579200
2023-05-01,11.960000038146973,12.020000457763672,10.800000190734863,10.8100004196167,10.723322868347168,13732500
2023-05-02,10.8100004196167,10.8100004196167,9.770000457763672,10.359999656677246,10.27692985534668,10579500
2023-05-03,10.350000381469727,10.529999732971191,9.989999771118164,10.010000228881836,9.929737091064453,6851100
2023-05-04,9.989999771118164,10.0600004196167,9.75,9.8100004196167,9.731340408325195,7191200
2023-05-05,10.180000305175781,10.479999542236328,10.069999694824219,10.109999656677246,10.028934478759766,8480400
2023-05-08,10.180000305175781,10.229999542236328,10.0,10.140000343322754,10.058694839477539,4425600
2023-05-09,10.020000457763672,10.0600004196167,9.680000305175781,9.989999771118164,9.909896850585938,6902600
2023-05-10,10.109999656677246,10.140000343322754,9.369999885559082,9.510000228881836,9.433746337890625,6832000
2023-05-11,9.4399995803833,9.5600004196167,9.3100004196167,9.5,9.423826217651367,5006400
2023-05-12,9.5,9.510000228881836,9.210000038146973,9.270000457763672,9.195671081542969,6022200
2023-05-15,9.270000457763672,9.319999694824219,9.130000114440918,9.279999732971191,9.20559024810791,5386500
2023-05-16,9.0,9.279999732971191,8.729999542236328,8.75,8.679840087890625,15052500
2023-05-17,8.819999694824219,9.119999885559082,8.729999542236328,9.010000228881836,8.937755584716797,11987600
2023-05-18,9.050000190734863,9.050000190734863,8.800000190734863,8.979999542236328,8.907995223999023,6323300
2023-05-19,8.989999771118164,8.989999771118164,8.649999618530273,8.6899995803833,8.620320320129395,6649400
2023-05-22,8.710000038146973,8.949999809265137,8.520000457763672,8.930000305175781,8.858396530151367,6549900
2023-05-23,8.9399995803833,9.260000228881836,8.890000343322754,9.020000457763672,8.947675704956055,5788800
2023-05-24,9.039999961853027,9.100000381469727,8.609999656677246,8.710000038146973,8.64016056060791,6079400
2023-05-25,8.600000381469727,8.739999771118164,8.399999618530273,8.460000038146973,8.392165184020996,5575000
2023-05-26,8.470000267028809,8.850000381469727,8.40999984741211,8.729999542236328,8.65999984741211,5732500
2023-05-30,8.640000343322754,8.869999885559082,8.550000190734863,8.8100004196167,8.8100004196167,6302100
2023-05-31,8.729999542236328,8.739999771118164,8.25,8.3100004196167,8.3100004196167,42776600
2023-06-01,8.3100004196167,8.359999656677246,8.020000457763672,8.199999809265137,8.199999809265137,10142300
2023-06-02,8.350000381469727,8.850000381469727,8.350000381469727,8.779999732971191,8.779999732971191,13509800
2023-06-05,8.880000114440918,8.9399995803833,8.640000343322754,8.649999618530273,8.649999618530273,6544200
2023-06-06,8.600000381469727,8.859999656677246,8.550000190734863,8.670000076293945,8.670000076293945,6407900
2023-06-07,8.670000076293945,8.960000038146973,8.539999961853027,8.920000076293945,8.920000076293945,4741600
2023-06-08,9.0,9.069999694824219,8.59000015258789,8.630000114440918,8.630000114440918,5393000
2023-06-09,8.609999656677246,8.720000267028809,8.420000076293945,8.479999542236328,8.479999542236328,3882800
2023-06-12,8.449999809265137,8.630000114440918,8.350000381469727,8.460000038146973,8.460000038146973,5373400
2023-06-13,8.4399995803833,8.729999542236328,8.390000343322754,8.489999771118164,8.489999771118164,5398500
2023-06-14,8.510000228881836,8.720000267028809,8.319999694824219,8.369999885559082,8.369999885559082,5133000
2023-06-15,8.3100004196167,8.5600004196167,8.279999732971191,8.539999961853027,8.539999961853027,4586300
2023-06-16,8.550000190734863,8.59000015258789,8.229999542236328,8.510000228881836,8.510000228881836,15811000
2023-06-20,8.460000038146973,8.470000267028809,8.199999809265137,8.270000457763672,8.270000457763672,4894800
